text,channel_id
"–°—Ç–∞—Ä—Ç–∞–ø ‚Äî —ç—Ç–æ –Ω–µ –ø—Ä–æ—Å—Ç–æ –±–∏–∑–Ω–µ—Å. –≠—Ç–æ –º–µ—á—Ç–∞, –≤–æ–ø–ª–æ—Ç–∏–≤—à–∞—è—Å—è –≤ —Ä–µ–∞–ª—å–Ω–æ—Å—Ç—å. –ù–æ –ø–æ–º–Ω–∏—Ç–µ: –º–µ—á—Ç–∞ —Ç—Ä–µ–±—É–µ—Ç –Ω–µ —Ç–æ–ª—å–∫–æ –∏–¥–µ–∏, –Ω–æ –∏ —Ç—â–∞—Ç–µ–ª—å–Ω–æ–≥–æ –ø–ª–∞–Ω–∏—Ä–æ–≤–∞–Ω–∏—è.",1000
"–ò–Ω–≤–µ—Å—Ç–∏—Ä–æ–≤–∞—Ç—å –≤ —Å—Ç–∞—Ä—Ç–∞–ø—ã ‚Äî –∑–Ω–∞—á–∏—Ç –≤–µ—Ä–∏—Ç—å –≤ –±—É–¥—É—â–µ–µ. –ù–æ –≤—ã–±–∏—Ä–∞—Ç—å –∏—Ö –¥–ª—è –∏–Ω–≤–µ—Å—Ç–∏—Ä–æ–≤–∞–Ω–∏—è —Å—Ç–æ–∏—Ç —Ç–∞–∫ –∂–µ –≤–Ω–∏–º–∞—Ç–µ–ª—å–Ω–æ, –∫–∞–∫ –∏ —Å–≤–æ–∏ –º–µ—á—Ç—ã.",1000
"–í–µ–¥–µ–Ω–∏–µ –±–∏–∑–Ω–µ—Å–∞ –±–µ–∑ KPI –∏ –º–µ—Ç—Ä–∏–∫ ‚Äî —ç—Ç–æ –∫–∞–∫ –ø—É—Ç–µ—à–µ—Å—Ç–≤–∏–µ –±–µ–∑ –∫–∞—Ä—Ç—ã. –í—ã –º–æ–∂–µ—Ç–µ –∫—É–¥–∞-—Ç–æ –ø—Ä–∏–π—Ç–∏, –Ω–æ –±—É–¥–µ—Ç–µ –ª–∏ –≤—ã —É–¥–æ–≤–ª–µ—Ç–≤–æ—Ä–µ–Ω—ã —Ä–µ–∑—É–ª—å—Ç–∞—Ç–æ–º?",1000
"–ì–ª–æ–±–∞–ª–∏–∑–∞—Ü–∏—è –¥–µ–ª–∞–µ—Ç –º–∏—Ä –º–µ–Ω—å—à–µ, –∞ –≤–æ–∑–º–æ–∂–Ω–æ—Å—Ç–∏ –¥–ª—è –±–∏–∑–Ω–µ—Å–∞ ‚Äî –±–æ–ª—å—à–µ. –°–µ–≥–æ–¥–Ω—è —Ç–≤–æ–π —Å—Ç–∞—Ä—Ç–∞–ø –º–æ–∂–µ—Ç –±—ã—Ç—å –º–µ—Å—Ç–Ω—ã–º, –∑–∞–≤—Ç—Ä–∞ ‚Äî –º–∏—Ä–æ–≤—ã–º.",1000
–ü–æ—á–µ–º—É –∫–Ω–∏–≥–∏ –Ω–∏–∫–æ–≥–¥–∞ –Ω–µ —É—Å—Ç–∞—é—Ç? –ü–æ—Ç–æ–º—É —á—Ç–æ —É –Ω–∏—Ö –≤—Å–µ–≥–¥–∞ –µ—Å—Ç—å –æ—Ç–¥–µ–ª—å–Ω—ã–π –ø–µ—Ä–µ–ø–ª—ë—Ç! üòÇ,1001
"–í—ã —Å–ª—ã—à–∞–ª–∏ –æ –ø—Ä–∏–∑—Ä–∞–∫–µ, –∫–æ—Ç–æ—Ä—ã–π —É–±–µ–≥–∞–µ—Ç –Ω–∞ –≤–µ–ª–æ—Å–∏–ø–µ–¥–µ? –≠—Ç–æ –≤–µ–ª–æ-—Å–ø–µ–∫—Ç—Ä! üëªüö¥",1001
"–ï—Å–ª–∏ —É –≤–∞—Å –ø–ª–æ—Ö–æ–µ –Ω–∞—Å—Ç—Ä–æ–µ–Ω–∏–µ, –ø—Ä–æ—Å—Ç–æ –ø—Ä–µ–¥—Å—Ç–∞–≤—å—Ç–µ, –∫–∞–∫ –¥–∏–Ω–æ–∑–∞–≤—Ä—ã –ø—ã—Ç–∞—é—Ç—Å—è –Ω–∞–¥–µ—Ç—å —à–ª—è–ø—É. –≠—Ç–æ –º–µ–Ω—è –≤—Å–µ–≥–¥–∞ —Ä–∞—Å—Å–º–µ—à–∏–≤–∞–µ—Ç!",1001
–î–≤–∞ —Ç–æ–º–∞—Ç–∞ –ø–µ—Ä–µ—Ö–æ–¥–∏–ª–∏ –¥–æ—Ä–æ–≥—É. –û–¥–∏–Ω –≥–æ–≤–æ—Ä–∏—Ç –¥—Ä—É–≥–æ–º—É: '–ü–æ—Ç–æ—Ä–æ–ø–∏—Å—å!' –ê –¥—Ä—É–≥–æ–π –æ—Ç–≤–µ—á–∞–µ—Ç: '–Ø —É–∂–µ —Å–æ—É—Å!' üçÖüòÜ,1001
"–ü–æ–≥—Ä—É–∂–µ–Ω–∏–µ –≤ –ö–∞–Ω–≤–∞—Å: –ö–∞–∂–¥—ã–π –º–∞–∑–æ–∫ –∫–∏—Å—Ç–∏ —Ä–∞—Å—Å–∫–∞–∑—ã–≤–∞–µ—Ç –∏—Å—Ç–æ—Ä–∏—é. –ö–æ–≥–¥–∞ —Ö—É–¥–æ–∂–Ω–∏–∫ –ø—Ä–∏–∫–∞—Å–∞–µ—Ç—Å—è –∫ —Ö–æ–ª—Å—Ç—É, —ç—Ç–æ –Ω–µ –ø—Ä–æ—Å—Ç–æ —Ü–≤–µ—Ç –∏ —Ñ–æ—Ä–º–∞ ‚Äî —ç—Ç–æ —ç–º–æ—Ü–∏—è, –º–≥–Ω–æ–≤–µ–Ω–∏–µ, –≤–¥–æ—Ö–Ω–æ–≤–µ–Ω–∏–µ. –ö–∞–∫–æ–µ –≤–∞—à–µ –ø–æ—Å–ª–µ–¥–Ω–µ–µ –ø—Ä–æ–∏–∑–≤–µ–¥–µ–Ω–∏–µ –∏—Å–∫—É—Å—Å—Ç–≤–∞ –≥–æ–≤–æ—Ä–∏—Ç –æ –≤–∞—Å?",1002
"–°–∫—É–ª—å–ø—Ç—É—Ä–∞ –≤—Ä–µ–º–µ–Ω–∏: –ö–∞–º–µ–Ω—å, –∫–æ—Ç–æ—Ä—ã–π –ª–µ–∂–∏—Ç –Ω–µ–∏–∑–º–µ–Ω–Ω—ã–º —Ç—ã—Å—è—á–µ–ª–µ—Ç–∏—è–º–∏, –º–æ–∂–µ—Ç –±—ã—Ç—å –ø—Ä–µ–æ–±—Ä–∞–∑–æ–≤–∞–Ω –≤ –ø—Ä–æ–∏–∑–≤–µ–¥–µ–Ω–∏–µ –∏—Å–∫—É—Å—Å—Ç–≤–∞ –≤—Å–µ–≥–æ –∑–∞ –Ω–µ—Å–∫–æ–ª—å–∫–æ –º–µ—Å—è—Ü–µ–≤ –∏–ª–∏ –ª–µ—Ç. –°–∫—É–ª—å–ø—Ç—É—Ä–∞ ‚Äî —ç—Ç–æ –¥–∏–∞–ª–æ–≥ –º–µ–∂–¥—É –º–∞—Ç–µ—Ä–∏–∞–ª–æ–º –∏ –º–∞—Å—Ç–µ—Ä–æ–º. –ö–∞–∫–æ–π –º–∞—Ç–µ—Ä–∏–∞–ª –≤–¥–æ—Ö–Ω–æ–≤–ª—è–µ—Ç –≤–∞—Å?",1002
"–ú—É–∑—ã–∫–∞ –≤–∏–∑—É–∞–ª—å–Ω–æ–≥–æ –∏—Å–∫—É—Å—Å—Ç–≤–∞: –ö–æ–≥–¥–∞ –≤—ã —Å–º–æ—Ç—Ä–∏—Ç–µ –Ω–∞ –ø—Ä–æ–∏–∑–≤–µ–¥–µ–Ω–∏–µ –∏—Å–∫—É—Å—Å—Ç–≤–∞, —Å–ª—ã—à–∏—Ç–µ –ª–∏ –≤—ã –º—É–∑—ã–∫—É? –¶–≤–µ—Ç–∞ –∏ —Ñ–æ—Ä–º—ã –º–æ–≥—É—Ç –∏–≥—Ä–∞—Ç—å –Ω–æ—Ç—ã –¥–ª—è –≤–∞—à–∏—Ö –≥–ª–∞–∑, —Å–æ–∑–¥–∞–≤–∞—è –≤–∏–∑—É–∞–ª—å–Ω—ã–π –∫–æ–Ω—Ü–µ—Ä—Ç. –ö–∞–∫–æ–µ –ø—Ä–æ–∏–∑–≤–µ–¥–µ–Ω–∏–µ –∏—Å–∫—É—Å—Å—Ç–≤–∞ –∑–∞—Å—Ç–∞–≤–ª—è–µ—Ç –≤–∞—à–µ —Å–µ—Ä–¥—Ü–µ –±–∏—Ç—å—Å—è –≤ —Ç–∞–∫—Ç?",1002
"–¢–∞–Ω–µ—Ü —Ç–µ–Ω–µ–π: –ì—Ä–∞—Ñ–∏–∫–∞ –∏ —Ä–∏—Å—É–Ω–æ–∫ ‚Äî —ç—Ç–æ –Ω–µ —Ç–æ–ª—å–∫–æ –æ –ª–∏–Ω–∏—è—Ö. –≠—Ç–æ –æ —Ç–æ–º, –∫–∞–∫ —Å–≤–µ—Ç –∏ —Ç–µ–Ω—å —Ç–∞–Ω—Ü—É—é—Ç –Ω–∞ –±—É–º–∞–≥–µ, —Å–æ–∑–¥–∞–≤–∞—è –≥–ª—É–±–∏–Ω—É –∏ –¥–≤–∏–∂–µ–Ω–∏–µ. –ö–∞–∫–∏–µ —Ç–µ–Ω–∏ –≤—ã –±—ã —Ö–æ—Ç–µ–ª–∏ –∑–∞–ø–µ—á–∞—Ç–ª–µ—Ç—å –≤ —Å–≤–æ–µ–º —Å–ª–µ–¥—É—é—â–µ–º –ø—Ä–æ–∏–∑–≤–µ–¥–µ–Ω–∏–∏?",1002
"üé§ –ü–æ—Å–ª–µ–¥–Ω–∏–µ —Å–ª—É—Ö–∏ –∏–∑ –º–∏—Ä–∞ –∑–≤–µ–∑–¥: –ì–≤–µ–Ω –°—Ç–µ—Ñ–∞–Ω–∏ –≤—ã–ø—É—Å—Ç–∏—Ç –Ω–æ–≤—ã–π –∞–ª—å–±–æ–º –≤ —ç—Ç–æ–º –º–µ—Å—è—Ü–µ. –û–∂–∏–¥–∞–µ—Ç—Å—è, —á—Ç–æ —ç—Ç–æ –±—É–¥–µ—Ç –±–æ–º–±–∞! üî•",1003
"üé¨ –°–ª–µ–¥—É—é—â–∏–π —Ñ–∏–ª—å–º –ö—Ä–∏—Å—Ç–æ—Ñ–µ—Ä–∞ –ù–æ–ª–∞–Ω–∞ –≤—ã–π–¥–µ—Ç –≤ –ø—Ä–æ–∫–∞—Ç –æ—Å–µ–Ω—å—é. –ü–æ —Å–ª–æ–≤–∞–º —Ä–µ–∂–∏—Å—Å–µ—Ä–∞, —ç—Ç–æ –±—É–¥–µ—Ç –µ–≥–æ —Å–∞–º–æ–µ –º–∞—Å—à—Ç–∞–±–Ω–æ–µ –∏ –∑–∞—Ö–≤–∞—Ç—ã–≤–∞—é—â–µ–µ –ø—Ä–æ–∏–∑–≤–µ–¥–µ–Ω–∏–µ.",1003
"üé≠ –ó–Ω–∞–º–µ–Ω–∏—Ç–∞—è –∞–∫—Ç—Ä–∏—Å–∞ –û–ª—å–≥–∞ –ö—É—Ä–∏–ª–µ–Ω–∫–æ –ø—Ä–∏—Å–æ–µ–¥–∏–Ω—è–µ—Ç—Å—è –∫ –∞–∫—Ç–µ—Ä—Å–∫–æ–º—É —Å–æ—Å—Ç–∞–≤—É —Å–ª–µ–¥—É—é—â–µ–≥–æ —Å–µ–∑–æ–Ω–∞ —Å–µ—Ä–∏–∞–ª–∞ ""–ö–æ—Ä–æ–Ω–∞"". –û—á–µ–Ω—å –∏–Ω—Ç–µ—Ä–µ—Å–Ω–æ —É–∑–Ω–∞—Ç—å, –∫–æ–≥–æ –æ–Ω–∞ —Å—ã–≥—Ä–∞–µ—Ç!",1003
"üé∏ –õ–µ–≥–µ–Ω–¥–∞—Ä–Ω–∞—è –≥—Ä—É–ø–ø–∞ ""Queen"" –∞–Ω–æ–Ω—Å–∏—Ä–æ–≤–∞–ª–∞ –º–∏—Ä–æ–≤–æ–π —Ç—É—Ä –≤ —á–µ—Å—Ç—å —Å–≤–æ–µ–≥–æ 50-–ª–µ—Ç–∏—è. –ü–æ–∫–ª–æ–Ω–Ω–∏–∫–∏ –≤ –≤–æ—Å—Ç–æ—Ä–≥–µ –∏ —É–∂–µ –Ω–∞—á–∏–Ω–∞—é—Ç –±—Ä–æ–Ω–∏—Ä–æ–≤–∞—Ç—å –±–∏–ª–µ—Ç—ã.",1003
"–í —ç–ø–æ—Ö—É –∏–Ω—Ñ–æ—Ä–º–∞—Ü–∏–æ–Ω–Ω–æ–≥–æ —à—É–º–∞, –±–ª–æ–≥–∏ —Å—Ç–∞–Ω–æ–≤—è—Ç—Å—è –ª–∏—á–Ω—ã–º–∏ –æ—Å—Ç—Ä–æ–≤–∫–∞–º–∏ –∏—Å–∫—Ä–µ–Ω–Ω–æ—Å—Ç–∏. –≠—Ç–æ –º–µ—Å—Ç–æ, –≥–¥–µ –∞–≤—Ç–æ—Ä –∏ —á–∏—Ç–∞—Ç–µ–ª—å —Å—Ç–∞–Ω–æ–≤—è—Ç—Å—è –±–ª–∏–∂–µ –¥—Ä—É–≥ –∫ –¥—Ä—É–≥—É.",1004
"–ë–ª–æ–≥–≥–∏–Ω–≥ ‚Äî —ç—Ç–æ –Ω–µ –ø—Ä–æ—Å—Ç–æ –Ω–∞–ø–∏—Å–∞–Ω–∏–µ —Ç–µ–∫—Å—Ç–æ–≤. –≠—Ç–æ –∏—Å–∫—É—Å—Å—Ç–≤–æ —Ä–∞—Å—Å–∫–∞–∑—ã–≤–∞—Ç—å –∏—Å—Ç–æ—Ä–∏–∏, –¥–µ–ª–∏—Ç—å—Å—è –º–æ–º–µ–Ω—Ç–∞–º–∏ –∏ –≤–¥–æ—Ö–Ω–æ–≤–ª—è—Ç—å —Å–≤–æ–∏—Ö —á–∏—Ç–∞—Ç–µ–ª–µ–π.",1004
"–ó–∞–¥—É–º—ã–≤–∞–ª–∏—Å—å –ª–∏ –≤—ã –æ —Å–æ–∑–¥–∞–Ω–∏–∏ —Å–æ–±—Å—Ç–≤–µ–Ω–Ω–æ–≥–æ –±–ª–æ–≥–∞? –ù–∞—á–∞—Ç—å –ø—Ä–æ—â–µ, —á–µ–º –∫–∞–∂–µ—Ç—Å—è! –ü–µ—Ä–≤—ã–π —à–∞–≥ ‚Äî —ç—Ç–æ –ø—Ä–æ—Å—Ç–æ –Ω–∞—á–∞—Ç—å. –í–∞—à –≥–æ–ª–æ—Å –∑–∞—Å–ª—É–∂–∏–≤–∞–µ—Ç, —á—Ç–æ–±—ã –µ–≥–æ —É—Å–ª—ã—à–∞–ª–∏.",1004
"–ë–ª–æ–≥–∏ –º–µ–Ω—è—é—Ç –º–∏—Ä –≤–æ–∫—Ä—É–≥. –û–¥–∏–Ω –ø–æ—Å—Ç –º–æ–∂–µ—Ç –≤–¥–æ—Ö–Ω–æ–≤–∏—Ç—å —Ç—ã—Å—è—á–∏, –∞ –≤–∞—à–∞ –∏—Å—Ç–æ—Ä–∏—è –º–æ–∂–µ—Ç —Å—Ç–∞—Ç—å —Ç–æ–π –∏—Å–∫–æ—Ä–∫–æ–π, –∫–æ—Ç–æ—Ä–∞—è –∑–∞–∂–∂—ë—Ç —Å–≤–µ—Ç –≤ —á—å–µ–π-—Ç–æ –∂–∏–∑–Ω–∏.",1004
"–û–±–ª–∞–∫–∞ –∏ –º–∞–∫–∞—Ä–æ–Ω—ã
–ó–∞–º–µ—á–∞–ª–∏ –ª–∏ –≤—ã –∫–æ–≥–¥–∞-–Ω–∏–±—É–¥—å, —á—Ç–æ –æ–±–ª–∞–∫–∞ –∏–Ω–æ–≥–¥–∞ –ø–æ—Ö–æ–∂–∏ –Ω–∞ –º–∞–∫–∞—Ä–æ–Ω—ã? –ò–Ω—Ç–µ—Ä–µ—Å–Ω–æ, –µ—Å—Ç—å –ª–∏ –ø–∞—Ä–∞–ª–ª–µ–ª—å–Ω—ã–π –º–∏—Ä, –≥–¥–µ –æ–±–ª–∞–∫–∞ –∏–∑ –º–∞–∫–∞—Ä–æ–Ω –∏ –ª—é–¥–∏ –∂–¥—É—Ç –¥–æ–∂–¥—è —Å —Å–æ—É—Å–æ–º?",1005
"–ù–æ—Å–∫–∏ –∏ –∫–æ—Å–º–æ—Å
–ï—Å—Ç—å —Ç–µ–æ—Ä–∏—è, —á—Ç–æ –ø–æ—Ç–µ—Ä—è–Ω–Ω—ã–µ –Ω–æ—Å–∫–∏ —Ç–µ–ª–µ–ø–æ—Ä—Ç–∏—Ä—É—é—Ç—Å—è –≤ –∫–æ—Å–º–æ—Å –∏ —Å—Ç–∞–Ω–æ–≤—è—Ç—Å—è —á–∞—Å—Ç—å—é —á–µ—Ä–Ω—ã—Ö –¥—ã—Ä. –ù–æ —á—Ç–æ –µ—Å–ª–∏ —á–µ—Ä–Ω—ã–µ –¥—ã—Ä—ã ‚Äî —ç—Ç–æ –ø—Ä–æ—Å—Ç–æ –≥–∏–≥–∞–Ω—Ç—Å–∫–∏–µ —Å—Ç–∏—Ä–∞–ª—å–Ω—ã–µ –º–∞—à–∏–Ω—ã –¥–ª—è –≤—Å–µ–ª–µ–Ω–Ω–æ–π?",1005
"–ó–µ–ª–µ–Ω—ã–µ —Å–ª–æ–Ω—ã
–ü—Ä–µ–¥—Å—Ç–∞–≤—å—Ç–µ –º–∏—Ä, –≥–¥–µ –≤—Å–µ —Å–ª–æ–Ω—ã –∑–µ–ª–µ–Ω—ã–µ, –∞ –≤–º–µ—Å—Ç–æ —Ö–æ–±–æ—Ç–æ–≤ —É –Ω–∏—Ö —Ä–æ–≥–∞. –ß—Ç–æ –±—ã –∏–∑–º–µ–Ω–∏–ª–æ—Å—å –≤ —ç–∫–æ—Å–∏—Å—Ç–µ–º–µ?",1005
"–†—ã–±—ã-–¥—Ä–∞–∫–æ–Ω—ã
–í—á–µ—Ä–∞ –≤–∏–¥–µ–ª —Ä—ã–±—É, –∫–æ—Ç–æ—Ä–∞—è –Ω–∞–ø–æ–º–∏–Ω–∞–ª–∞ –º–Ω–µ –¥—Ä–∞–∫–æ–Ω–∞ –∏–∑ —Å–∫–∞–∑–∫–∏. –ò–Ω—Ç–µ—Ä–µ—Å–Ω–æ, –º–æ–≥—É—Ç –ª–∏ —Ä—ã–±—ã –º–µ—á—Ç–∞—Ç—å —Å—Ç–∞—Ç—å –¥—Ä–∞–∫–æ–Ω–∞–º–∏?",1005
"–¢–∞–Ω—Ü—É—é—â–∏–µ –∫–∞—Ä—Ç–æ—Ñ–µ–ª–∏–Ω—ã
–ú–Ω–µ –ø—Ä–∏—Å–Ω–∏–ª—Å—è —Å—Ç—Ä–∞–Ω–Ω—ã–π —Å–æ–Ω: –ø–æ–ª—è –∫–∞—Ä—Ç–æ—Ñ–µ–ª—è, –≥–¥–µ –∫–∞–∂–¥—ã–π –∫–ª—É–±–µ–Ω—å —Ç–∞–Ω—Ü–µ–≤–∞–ª —Ç–∞–Ω–≥–æ. –ß—Ç–æ –±—ã –≤—ã –¥–µ–ª–∞–ª–∏, –µ—Å–ª–∏ –±—ã —É–≤–∏–¥–µ–ª–∏ —á—Ç–æ-—Ç–æ –ø–æ–¥–æ–±–Ω–æ–µ?",1005
"–ë–∏—Ç–∫–æ–∏–Ω vs. –§–∏–∞—Ç: –ü–æ–∫–∞ –±–∞–Ω–∫–æ–≤—Å–∫–∏–µ —Å–∏—Å—Ç–µ–º—ã –æ—Å–Ω–æ–≤–∞–Ω—ã –Ω–∞ –¥–æ–≤–µ—Ä–∏–∏ –∏ —Ç—Ä–µ–±—É—é—Ç –ø–æ—Å—Ä–µ–¥–Ω–∏–∫–æ–≤, –ë–∏—Ç–∫–æ–∏–Ω –ø—Ä–µ–¥–ª–∞–≥–∞–µ—Ç –¥–µ—Ü–µ–Ω—Ç—Ä–∞–ª–∏–∑–æ–≤–∞–Ω–Ω—É—é –∞–ª—å—Ç–µ—Ä–Ω–∞—Ç–∏–≤—É, –≥–¥–µ –¥–æ–≤–µ—Ä–∏–µ –æ—Å–Ω–æ–≤–∞–Ω–æ –Ω–∞ –∫—Ä–∏–ø—Ç–æ–≥—Ä–∞—Ñ–∏–∏.",1006
"–≠—Ñ–∏—Ä–∏—É–º 2.0: –° –ø–µ—Ä–µ—Ö–æ–¥–æ–º –Ω–∞ —Å—Ç–µ–π–∫–∏–Ω–≥ –≤–º–µ—Å—Ç–æ –º–∞–π–Ω–∏–Ω–≥–∞, –≠—Ñ–∏—Ä–∏—É–º —Å—Ç—Ä–µ–º–∏—Ç—Å—è —É–ª—É—á—à–∏—Ç—å –º–∞—Å—à—Ç–∞–±–∏—Ä—É–µ–º–æ—Å—Ç—å –∏ —É–º–µ–Ω—å—à–∏—Ç—å —ç–Ω–µ—Ä–≥–µ—Ç–∏—á–µ—Å–∫–∏–µ –∑–∞—Ç—Ä–∞—Ç—ã. –°–ª–µ–¥–∏—Ç–µ –∑–∞ –æ–±–Ω–æ–≤–ª–µ–Ω–∏—è–º–∏!",1006
"–î–µ—Ü–µ–Ω—Ç—Ä–∞–ª–∏–∑–æ–≤–∞–Ω–Ω—ã–µ —Ñ–∏–Ω–∞–Ω—Å—ã (DeFi): –ó–∞–±—É–¥—å—Ç–µ –æ —Ç—Ä–∞–¥–∏—Ü–∏–æ–Ω–Ω—ã—Ö –±–∞–Ω–∫–∞—Ö! DeFi –ø–ª–∞—Ç—Ñ–æ—Ä–º—ã –ø—Ä–µ–¥–æ—Å—Ç–∞–≤–ª—è—é—Ç —Ñ–∏–Ω–∞–Ω—Å–æ–≤—ã–µ —É—Å–ª—É–≥–∏ –±–µ–∑ –ø–æ—Å—Ä–µ–¥–Ω–∏–∫–æ–≤, –∏—Å–ø–æ–ª—å–∑—É—è –±–ª–æ–∫—á–µ–π–Ω —Ç–µ—Ö–Ω–æ–ª–æ–≥–∏–∏.",1006
"NFT - –ù–µ–∑–∞–º–µ–Ω–∏–º—ã–µ —Ç–æ–∫–µ–Ω—ã: –¶–∏—Ñ—Ä–æ–≤–æ–µ –∏—Å–∫—É—Å—Å—Ç–≤–æ, –∫–æ–ª–ª–µ–∫—Ü–∏–æ–Ω–Ω—ã–µ –∫–∞—Ä—Ç–æ—á–∫–∏, –º—É–∑—ã–∫–∞–ª—å–Ω—ã–µ —Ç—Ä–µ–∫–∏ - –≤—Å–µ —ç—Ç–æ –º–æ–∂–Ω–æ –∫—É–ø–∏—Ç—å –∏ –ø—Ä–æ–¥–∞—Ç—å –∫–∞–∫ NFT. –û—Ç–∫—Ä—ã—Ç—ã–π –º–∏—Ä –¥–ª—è —Ü–∏—Ñ—Ä–æ–≤—ã—Ö –∫–æ–ª–ª–µ–∫—Ü–∏–æ–Ω–µ—Ä–æ–≤!",1006
"–ö—Ä–∏–ø—Ç–æ–≤–∞–ª—é—Ç–Ω—ã–µ –±–∏—Ä–∂–∏: –ù–∞ –ø–ª–∞—Ç—Ñ–æ—Ä–º–∞—Ö —Ç–∏–ø–∞ Binance –∏ Coinbase –ø–æ–ª—å–∑–æ–≤–∞—Ç–µ–ª–∏ –º–æ–≥—É—Ç –ø–æ–∫—É–ø–∞—Ç—å, –ø—Ä–æ–¥–∞–≤–∞—Ç—å –∏ –æ–±–º–µ–Ω–∏–≤–∞—Ç—å –∫—Ä–∏–ø—Ç–æ–≤–∞–ª—é—Ç—ã. –í—ã–±–æ—Ä –±–∏—Ä–∂–∏ –≤–∞–∂–µ–Ω –¥–ª—è –±–µ–∑–æ–ø–∞—Å–Ω–æ—Å—Ç–∏ –≤–∞—à–∏—Ö —Å—Ä–µ–¥—Å—Ç–≤.",1006
–†–µ–≥—É–ª–∏—Ä–æ–≤–∞–Ω–∏–µ –∫—Ä–∏–ø—Ç–æ–≤–∞–ª—é—Ç: –ú–Ω–æ–≥–∏–µ —Å—Ç—Ä–∞–Ω—ã —Ä–∞—Å—Å–º–∞—Ç—Ä–∏–≤–∞—é—Ç –≤–≤–µ–¥–µ–Ω–∏–µ –∑–∞–∫–æ–Ω–æ–≤ –¥–ª—è —Ä–µ–≥—É–ª–∏—Ä–æ–≤–∞–Ω–∏—è –∫—Ä–∏–ø—Ç–æ–≤–∞–ª—é—Ç. –≠—Ç–æ –º–æ–∂–µ—Ç –ø–æ–≤–ª–∏—è—Ç—å –Ω–∞ —Å—Ç–æ–∏–º–æ—Å—Ç—å –∏ –ø—Ä–∏–º–µ–Ω–µ–Ω–∏–µ –≤–∞—à–∏—Ö —Ç–æ–∫–µ–Ω–æ–≤. –ò–Ω—Ñ–æ—Ä–º–∏—Ä—É–π—Ç–µ—Å—å!,1006
"üéµ ""–ú—É–∑—ã–∫–∞ - —ç—Ç–æ —Ç–æ, —á—Ç–æ –∑–∞—Å—Ç–∞–≤–ª—è–µ—Ç –Ω–∞—Å –∂–∏—Ç—å –∏ —á—É–≤—Å—Ç–≤–æ–≤–∞—Ç—å. –û–Ω–∞ —Å–ª–æ–≤–Ω–æ –º–∞–≥–∏—è, —Å–ø–æ—Å–æ–±–Ω–∞—è –ø—Ä–æ–Ω–∏–∫–Ω—É—Ç—å –≤ —Å–∞–º—ã–µ –≥–ª—É–±–æ–∫–∏–µ —É–≥–æ–ª–∫–∏ –¥—É—à–∏."" üé∂",1007
üîä –ù–æ–≤–æ–µ –∏—Å—Å–ª–µ–¥–æ–≤–∞–Ω–∏–µ –ø–æ–∫–∞–∑–∞–ª–æ: —Ä–µ–≥—É–ª—è—Ä–Ω–æ–µ –ø—Ä–æ—Å–ª—É—à–∏–≤–∞–Ω–∏–µ –∫–ª–∞—Å—Å–∏—á–µ—Å–∫–æ–π –º—É–∑—ã–∫–∏ —É–ª—É—á—à–∞–µ—Ç –∫–∞—á–µ—Å—Ç–≤–æ —Å–Ω–∞ –∏ —Å–Ω–∏–∂–∞–µ—Ç —É—Ä–æ–≤–µ–Ω—å —Å—Ç—Ä–µ—Å—Å–∞. üéª,1007
"üéß –ü–ª–µ–π–ª–∏—Å—Ç –¥–Ω—è: 10 –Ω–µ–∏–∑–≤–µ—Å—Ç–Ω—ã—Ö —Ç—Ä–µ–∫–æ–≤, –∫–æ—Ç–æ—Ä—ã–µ –∑–∞—Å–ª—É–∂–∏–≤–∞—é—Ç –≤–∞—à–µ–≥–æ –≤–Ω–∏–º–∞–Ω–∏—è. –û—Ç–∫—Ä–æ–π—Ç–µ –¥–ª—è —Å–µ–±—è —á—Ç–æ-—Ç–æ –Ω–æ–≤–æ–µ! üé§",1007
"üéπ –í–µ–ª–∏–∫–∏–µ –∫–æ–º–ø–æ–∑–∏—Ç–æ—Ä—ã –ø—Ä–æ—à–ª–æ–≥–æ: –∏—Ö –∂–∏–∑–Ω—å, —Ç–≤–æ—Ä—á–µ—Å—Ç–≤–æ –∏ –≤–∫–ª–∞–¥ –≤ –º–∏—Ä–æ–≤—É—é –º—É–∑—ã–∫–∞–ª—å–Ω—É—é –∫—É–ª—å—Ç—É—Ä—É. üéº",1007
ü•Å –ü–æ—á–µ–º—É —Ä–∏—Ç–º —Ç–∞–∫ –≤–∞–∂–µ–Ω –≤ –º—É–∑—ã–∫–µ? –û—Ç –±–∏–µ–Ω–∏—è —Å–µ—Ä–¥—Ü–∞ –¥–æ —Ç–∞–Ω—Ü–µ–≤–∞–ª—å–Ω—ã—Ö –¥–≤–∏–∂–µ–Ω–∏–π - —Ä–∏—Ç–º –æ–±—ä–µ–¥–∏–Ω—è–µ—Ç –Ω–∞—Å –≤—Å–µ—Ö. üíÉüï∫,1007
üé∑ –î–∂–∞–∑–æ–≤—ã–µ –∏–º–ø—Ä–æ–≤–∏–∑–∞—Ü–∏–∏: –∫–∞–∫ –º—É–∑—ã–∫–∞–Ω—Ç—ã —Å–æ–∑–¥–∞—é—Ç –Ω–µ–ø–æ–≤—Ç–æ—Ä–∏–º–æ–µ –Ω–∞ —Ö–æ–¥—É –∏ —á—Ç–æ —Å—Ç–æ–∏—Ç –∑–∞ —ç—Ç–∏–º –ø—Ä–æ—Ü–µ—Å—Å–æ–º. üé∫,1007
"üé∏ –ö–∞–∫ –≤—ã–±—Ä–∞—Ç—å –ø–µ—Ä–≤—É—é –≥–∏—Ç–∞—Ä—É? –°–æ–≤–µ—Ç—ã –¥–ª—è –Ω–∞—á–∏–Ω–∞—é—â–∏—Ö –º—É–∑—ã–∫–∞–Ω—Ç–æ–≤, —á—Ç–æ–±—ã –Ω–∞—á–∞—Ç—å —Å–≤–æ–π –ø—É—Ç—å –≤ –º–∏—Ä–µ –º—É–∑—ã–∫–∏ –ø—Ä–∞–≤–∏–ª—å–Ω–æ. üéöÔ∏è",1007
üìÄ –ò—Å—Ç–æ—Ä–∏—è –≤–∏–Ω–∏–ª–æ–≤—ã—Ö –ø–ª–∞—Å—Ç–∏–Ω–æ–∫: –æ—Ç –ø–µ—Ä–≤—ã—Ö —ç–∫–∑–µ–º–ø–ª—è—Ä–æ–≤ –¥–æ —Å–æ–≤—Ä–µ–º–µ–Ω–Ω—ã—Ö –∫–æ–ª–ª–µ–∫—Ü–∏–π. –ü–æ—á–µ–º—É –≤–∏–Ω–∏–ª —Å–Ω–æ–≤–∞ —Å—Ç–∞–Ω–æ–≤–∏—Ç—Å—è –ø–æ–ø—É–ª—è—Ä–Ω—ã–º? üéâ,1007
"–ó–µ—Ä–∫–∞–ª—å–Ω—ã–µ –Ω–µ–π—Ä–æ–Ω—ã: –£–¥–∏–≤–∏—Ç–µ–ª—å–Ω—ã–µ –∫–ª–µ—Ç–∫–∏ –≤ –Ω–∞—à–µ–º –º–æ–∑–≥—É, –∫–æ—Ç–æ—Ä—ã–µ –∞–∫—Ç–∏–≤–∏—Ä—É—é—Ç—Å—è, –∫–æ–≥–¥–∞ –º—ã –Ω–∞–±–ª—é–¥–∞–µ–º –∑–∞ –¥–µ–π—Å—Ç–≤–∏—è–º–∏ –¥—Ä—É–≥–∏—Ö –ª—é–¥–µ–π, –¥–µ–ª–∞—è –Ω–∞—Å –µ—Å—Ç–µ—Å—Ç–≤–µ–Ω–Ω–æ —Å–æ—á—É–≤—Å—Ç–≤—É—é—â–∏–º–∏ –∏ —ç–º–ø–∞—Ç–∏—á–Ω—ã–º–∏.",1008
"–≠—Ñ—Ñ–µ–∫—Ç –ø—Å–∏—Ö–æ–ª–æ–≥–∏—á–µ—Å–∫–æ–π —Ä–µ–∞–∫—Ü–∏–∏: –ö–æ–≥–¥–∞ –Ω–∞—Å –ø—ã—Ç–∞—é—Ç—Å—è –∑–∞—Å—Ç–∞–≤–∏—Ç—å —á—Ç–æ-—Ç–æ —Å–¥–µ–ª–∞—Ç—å, –Ω–∞—à –≤–Ω—É—Ç—Ä–µ–Ω–Ω–∏–π –±—É–Ω—Ç–∞—Ä—å —á–∞—Å—Ç–æ –≤—ã—Ö–æ–¥–∏—Ç –Ω–∞—Ä—É–∂—É. –ü–æ—á–µ–º—É –º—ã —Ç–∞–∫ —Ä–µ–∞–≥–∏—Ä—É–µ–º –Ω–∞ –ø–æ–ø—ã—Ç–∫–∏ –∫–æ–Ω—Ç—Ä–æ–ª–∏—Ä–æ–≤–∞—Ç—å –Ω–∞—Å?",1008
"–ó–∞–±–ª—É–∂–¥–µ–Ω–∏–µ –æ —Å–≤–æ–µ–º –∏—Å–∫–ª—é—á–∏—Ç–µ–ª—å–Ω–æ–º —Å—Ç–∞—Ç—É—Å–µ: –ë–æ–ª—å—à–∏–Ω—Å—Ç–≤–æ –∏–∑ –Ω–∞—Å —Å—á–∏—Ç–∞—é—Ç, —á—Ç–æ –æ–Ω–∏ –≤—ã—à–µ —Å—Ä–µ–¥–Ω–µ–≥–æ –ø–æ –º–Ω–æ–≥–∏–º –ø–æ–∫–∞–∑–∞—Ç–µ–ª—è–º. –≠—Ç–æ –∑–∞–±–ª—É–∂–¥–µ–Ω–∏–µ –º–æ–∂–µ—Ç –ø–æ–¥–¥–µ—Ä–∂–∏–≤–∞—Ç—å –Ω–∞—à—É —É–≤–µ—Ä–µ–Ω–Ω–æ—Å—Ç—å, –Ω–æ —Ç–∞–∫–∂–µ –º–æ–∂–µ—Ç –≤–≤–µ—Å—Ç–∏ –Ω–∞—Å –≤ –∑–∞–±–ª—É–∂–¥–µ–Ω–∏–µ.",1008
"–ü–æ—á–µ–º—É –º—ã –æ—Ç–∫–ª–∞–¥—ã–≤–∞–µ–º –¥–µ–ª–∞ –Ω–∞ –ø–æ—Ç–æ–º?: –ü—Ä–æ–∫—Ä–∞—Å—Ç–∏–Ω–∞—Ü–∏—è ‚Äî —ç—Ç–æ –Ω–µ –ø—Ä–æ—Å—Ç–æ –ª–µ–Ω—å. –≠—Ç–æ —Å–ª–æ–∂–Ω–∞—è –ø—Å–∏—Ö–æ–ª–æ–≥–∏—á–µ—Å–∫–∞—è –±–æ—Ä—å–±–∞ –º–µ–∂–¥—É —Ç–µ–∫—É—â–∏–º ""—è"" –∏ –±—É–¥—É—â–∏–º ""—è"".",1008
"–ü—Å–∏—Ö–æ–ª–æ–≥–∏—è —Å–Ω–æ–≤–∏–¥–µ–Ω–∏–π: –ß—Ç–æ –Ω–∞—à–∏ —Å–Ω—ã –≥–æ–≤–æ—Ä—è—Ç –æ –Ω–∞—Å? –ü—É—Ç–µ—à–µ—Å—Ç–≤–∏–µ –≤ –º–∏—Ä —Å–Ω–æ–≤–∏–¥–µ–Ω–∏–π –º–æ–∂–µ—Ç –ø—Ä–µ–¥–æ—Å—Ç–∞–≤–∏—Ç—å —É–Ω–∏–∫–∞–ª—å–Ω—ã–µ –∏–Ω—Å–∞–π—Ç—ã –æ –Ω–∞—à–µ–º –≤–Ω—É—Ç—Ä–µ–Ω–Ω–µ–º ""—è"".",1008
–¢–µ–æ—Ä–∏—è –ø—Ä–∏–≤—è–∑–∞–Ω–Ω–æ—Å—Ç–∏: –ù–∞—à–∏ —Ä–∞–Ω–Ω–∏–µ –æ—Ç–Ω–æ—à–µ–Ω–∏—è —Å —Ä–æ–¥–∏—Ç–µ–ª—è–º–∏ —Ñ–æ—Ä–º–∏—Ä—É—é—Ç –Ω–∞—à–∏ —Å—Ç–∏–ª–∏ –ø—Ä–∏–≤—è–∑–∞–Ω–Ω–æ—Å—Ç–∏ –≤–æ –≤–∑—Ä–æ—Å–ª–æ–π –∂–∏–∑–Ω–∏. –ö–∞–∫ –≤–∞—à —Å—Ç–∏–ª—å –ø—Ä–∏–≤—è–∑–∞–Ω–Ω–æ—Å—Ç–∏ –≤–ª–∏—è–µ—Ç –Ω–∞ –≤–∞—à–∏ –æ—Ç–Ω–æ—à–µ–Ω–∏—è?,1008
"–ü—Å–∏—Ö–æ–ª–æ–≥–∏—è —Ü–≤–µ—Ç–∞: –ö–∞–∫ —Ü–≤–µ—Ç–∞, –æ–∫—Ä—É–∂–∞—é—â–∏–µ –Ω–∞—Å, –≤–ª–∏—è—é—Ç –Ω–∞ –Ω–∞—à–∏ —ç–º–æ—Ü–∏–∏ –∏ —Ä–µ—à–µ–Ω–∏—è? –ü–æ—á–µ–º—É –∫—Ä–∞—Å–Ω—ã–π —Ü–≤–µ—Ç –∞—Å—Å–æ—Ü–∏–∏—Ä—É–µ—Ç—Å—è —Å –æ–ø–∞—Å–Ω–æ—Å—Ç—å—é, –∞ —Å–∏–Ω–∏–π —Å —É—Å–ø–æ–∫–æ–µ–Ω–∏–µ–º?",1008
–¢–µ–Ω–¥–µ–Ω—Ü–∏–∏ —ç—Ç–æ–≥–æ –ª–µ—Ç–∞: –ü–∞—Å—Ç–µ–ª—å–Ω—ã–µ –æ—Ç—Ç–µ–Ω–∫–∏ –∏ –∞—Å–∏–º–º–µ—Ç—Ä–∏—á–Ω—ã–µ —é–±–∫–∏ –∑–∞—è–≤–ª—è—é—Ç –æ —Å–≤–æ–µ–º –¥–æ–º–∏–Ω–∏—Ä–æ–≤–∞–Ω–∏–∏ –Ω–∞ –ø–æ–¥–∏—É–º–∞—Ö –º–∏—Ä–∞. –ì–æ—Ç–æ–≤—ã –æ–±–Ω–æ–≤–∏—Ç—å —Å–≤–æ–π –≥–∞—Ä–¥–µ—Ä–æ–±?,1009
–°–µ–∫—Ä–µ—Ç –∏–¥–µ–∞–ª—å–Ω–æ–≥–æ –º–∞–∫–∏—è–∂–∞: –ó–æ–ª–æ—Ç–æ–µ –ø—Ä–∞–≤–∏–ª–æ ‚Äì –∑–Ω–∞–µ—Ç–µ —Å–≤–æ–π —Ç–∏–ø –∫–æ–∂–∏. –ú–∞—Ç–æ–≤–∞—è –ø–æ–º–∞–¥–∞ –¥–ª—è —Å—É—Ö–æ–π –∫–æ–∂–∏? –ù–µ –ª—É—á—à–∏–π –≤—ã–±–æ—Ä!,1009
–°–æ–≤–µ—Ç –¥–Ω—è: –°–º–µ—à–∏–≤–∞–Ω–∏–µ —Ç–µ–∫—Å—Ç—É—Ä ‚Äì –∫–ª—é—á –∫ –∏–Ω—Ç–µ—Ä–µ—Å–Ω–æ–º—É –æ–±—Ä–∞–∑—É. –®–µ–ª–∫–æ–≤–∞—è –±–ª—É–∑–∫–∞ –∏ –∫–æ–∂–∞–Ω—ã–µ –±—Ä—é–∫–∏? –ü–æ—á–µ–º—É –±—ã –∏ –Ω–µ—Ç!,1009
–ú–∏—Ñ—ã —É—Ö–æ–¥–∞ –∑–∞ –∫–æ–∂–µ–π: –ù–µ –≤—Å–µ –¥–æ—Ä–æ–≥–∏–µ –∫—Ä–µ–º—ã –¥–µ–π—Å—Ç–≤–∏—Ç–µ–ª—å–Ω–æ —Ä–∞–±–æ—Ç–∞—é—Ç. –ò–Ω–æ–≥–¥–∞ –ø—Ä–æ—Å—Ç–æ–µ –æ–ª–∏–≤–∫–æ–≤–æ–µ –º–∞—Å–ª–æ –º–æ–∂–µ—Ç —Ç–≤–æ—Ä–∏—Ç—å —á—É–¥–µ—Å–∞.,1009
"–û–±—É–≤—å –Ω–∞ –∫–∞–∂–¥—ã–π –¥–µ–Ω—å: –ö–∞–±–ª—É–∫–∏ –∏–ª–∏ –∫—Ä–æ—Å—Å–æ–≤–∫–∏? –í —ç—Ç–æ–º —Å–µ–∑–æ–Ω–µ –¥–∏–∑–∞–π–Ω–µ—Ä—ã –≥–æ–≤–æ—Ä—è—Ç ""–¥–∞"" —É–¥–æ–±—Å—Ç–≤—É. –ü–æ–∏—Å–∫ —Å—Ç–∏–ª—å–Ω—ã—Ö –∫—Ä–æ—Å—Å–æ–≤–æ–∫ ‚Äì –≤ –ø—Ä–∏–æ—Ä–∏—Ç–µ—Ç–µ!",1009
"–ê–∫—Å–µ—Å—Å—É–∞—Ä—ã, –∫–æ—Ç–æ—Ä—ã–µ –º–µ–Ω—è—é—Ç –æ–±—Ä–∞–∑: –ë–æ–ª—å—à–∏–µ —Å–µ—Ä—å–≥–∏ –∏–ª–∏ –º–∏–Ω–∏–º–∞–ª–∏—Å—Ç–∏—á–Ω—ã–µ –±—Ä–∞—Å–ª–µ—Ç—ã? –ü—Ä–∞–≤–∏–ª—å–Ω—ã–π –≤—ã–±–æ—Ä –∞–∫—Å–µ—Å—Å—É–∞—Ä–æ–≤ –º–æ–∂–µ—Ç –ø–æ–ª–Ω–æ—Å—Ç—å—é –ø—Ä–µ–æ–±—Ä–∞–∑–∏—Ç—å –≤–∞—à —Å—Ç–∏–ª—å.",1009
"–°–µ–∫—Ä–µ—Ç—ã –∫—Ä–∞—Å–æ—Ç—ã –∏–∑ –ø—Ä–æ—à–ª–æ–≥–æ: –í—ã –∑–Ω–∞–ª–∏, —á—Ç–æ –≤ –¥—Ä–µ–≤–Ω–µ–º –ï–≥–∏–ø—Ç–µ –∏—Å–ø–æ–ª—å–∑–æ–≤–∞–ª–∏ –∞–ª–æ—ç –¥–ª—è —É–≤–ª–∞–∂–Ω–µ–Ω–∏—è –∫–æ–∂–∏? –ò—Å—Ç–æ—Ä–∏—è –∫—Ä–∞—Å–æ—Ç—ã –ø–æ–ª–Ω–∞ –∏–Ω—Ç–µ—Ä–µ—Å–Ω—ã—Ö —Ñ–∞–∫—Ç–æ–≤.",1009
–¢—Ä–µ–Ω–¥—ã –ø–∞—Ä—Ñ—é–º–µ—Ä–∏–∏: –í —ç—Ç–æ–º –≥–æ–¥—É –Ω–∞ –ø–∏–∫–µ –ø–æ–ø—É–ª—è—Ä–Ω–æ—Å—Ç–∏ –∞—Ä–æ–º–∞—Ç—ã —Å –Ω–æ—Ç–∞–º–∏ —Å–∞–Ω–¥–∞–ª–∞ –∏ –∏–ª–∞–Ω–≥-–∏–ª–∞–Ω–≥–∞. –ù–∞–π–¥–∏—Ç–µ —Å–≤–æ–π –∏–¥–µ–∞–ª—å–Ω—ã–π –∞—Ä–æ–º–∞—Ç!,1009
"üì∏ –ó–æ–ª–æ—Ç–æ–π —á–∞—Å: –ü–æ—á–µ–º—É —Ñ–æ—Ç–æ–≥—Ä–∞—Ñ—ã —Ç–∞–∫ —Ü–µ–Ω—è—Ç —Ä–∞—Å—Å–≤–µ—Ç—ã –∏ –∑–∞–∫–∞—Ç—ã? –≠—Ç–æ –≤—Ä–µ–º—è, –∫–æ–≥–¥–∞ —Å–≤–µ—Ç –º—è–≥–∫–∏–π –∏ —Å–æ–∑–¥–∞–µ—Ç –Ω–µ–ø–æ–≤—Ç–æ—Ä–∏–º—É—é –∞—Ç–º–æ—Å—Ñ–µ—Ä—É –Ω–∞ —Å–Ω–∏–º–∫–∞—Ö.",1010
"üñºÔ∏è –°–µ–∫—Ä–µ—Ç—ã —Ä–µ—Ç—É—à–∏: –ö–∞–∫ –ø—Ä–∞–≤–∏–ª—å–Ω–æ –æ–±—Ä–∞–±–æ—Ç–∞—Ç—å –ø–æ—Ä—Ç—Ä–µ—Ç–Ω–æ–µ —Ñ–æ—Ç–æ, —á—Ç–æ–±—ã —Å–æ—Ö—Ä–∞–Ω–∏—Ç—å –µ—Å—Ç–µ—Å—Ç–≤–µ–Ω–Ω–æ—Å—Ç—å –∏ –ø—Ä–∏ —ç—Ç–æ–º –ø–æ–¥—á–µ—Ä–∫–Ω—É—Ç—å –ª—É—á—à–∏–µ —á–µ—Ä—Ç—ã –ª–∏—Ü–∞.",1010
üì∑ –ê—Ä—Ö–∏—Ç–µ–∫—Ç—É—Ä–Ω–∞—è —Ñ–æ—Ç–æ–≥—Ä–∞—Ñ–∏—è: –ö–∞–∫–∏–µ –ª–∏–Ω–∑—ã –ª—É—á—à–µ –≤—Å–µ–≥–æ –ø–æ–¥—Ö–æ–¥—è—Ç –¥–ª—è —Å—ä–µ–º–∫–∏ –≤—ã—Å–æ–∫–∏—Ö –∑–¥–∞–Ω–∏–π –∏ —à–∏—Ä–æ–∫–∏—Ö –ø–∞–Ω–æ—Ä–∞–º –≥–æ—Ä–æ–¥–∞?,1010
üéûÔ∏è –í–∏–Ω—Ç–∞–∂–Ω—ã–µ —Ñ–æ—Ç–æ–∞–ø–ø–∞—Ä–∞—Ç—ã: –ü–æ—á–µ–º—É —Å—Ç–∞—Ä—ã–µ –∞–Ω–∞–ª–æ–≥–æ–≤—ã–µ –∫–∞–º–µ—Ä—ã –¥–æ —Å–∏—Ö –ø–æ—Ä –ø–æ–ª—å–∑—É—é—Ç—Å—è –ø–æ–ø—É–ª—è—Ä–Ω–æ—Å—Ç—å—é —Å—Ä–µ–¥–∏ –ø—Ä–æ—Ñ–µ—Å—Å–∏–æ–Ω–∞–ª–æ–≤?,1010
üñåÔ∏è –¶–≤–µ—Ç–æ–≤–∞—è –∫–æ—Ä—Ä–µ–∫—Ü–∏—è: –ö–∞–∫ –ø—Ä–∞–≤–∏–ª—å–Ω–æ –Ω–∞—Å—Ç—Ä–æ–∏—Ç—å –±–∞–ª–∞–Ω—Å –±–µ–ª–æ–≥–æ –∏ –ø–æ–¥—á–µ—Ä–∫–Ω—É—Ç—å –Ω–∞—Å—ã—â–µ–Ω–Ω–æ—Å—Ç—å —Ü–≤–µ—Ç–æ–≤ –Ω–∞ –≤–∞—à–∏—Ö —Ñ–æ—Ç–æ–≥—Ä–∞—Ñ–∏—è—Ö.,1010
üì∏ –ú–∞–∫—Ä–æ –º–∏—Ä: –û—Ç–∫—Ä–æ–π—Ç–µ –¥–ª—è —Å–µ–±—è —É–¥–∏–≤–∏—Ç–µ–ª—å–Ω—ã–π –º–∏—Ä –º–µ–ª–æ—á–µ–π —Å –ø–æ–º–æ—â—å—é –º–∞–∫—Ä–æ—Ñ–æ—Ç–æ–≥—Ä–∞—Ñ–∏–∏. –ö–∞–∂–¥–∞—è –∫–∞–ø–ª—è —Ä–æ—Å—ã –∏ –∫–∞–∂–¥—ã–π –ª–µ–ø–µ—Å—Ç–æ–∫ —Ü–≤–µ—Ç–∫–∞ —Ä–∞—Å—Å–∫–∞–∂—É—Ç —Å–≤–æ—é –∏—Å—Ç–æ—Ä–∏—é.,1010
"üñºÔ∏è –§–æ—Ç–æ–≥—Ä–∞—Ñ–∏—è –∫–∞–∫ –∏—Å–∫—É—Å—Å—Ç–≤–æ: –ö–∞–∫ —Å–æ–∑–¥–∞—Ç—å –∞–±—Å—Ç—Ä–∞–∫—Ç–Ω–æ–µ –∏–∑–æ–±—Ä–∞–∂–µ–Ω–∏–µ, –∏–≥—Ä–∞—è —Å —Ñ–æ–∫—É—Å–æ–º, –¥–≤–∏–∂–µ–Ω–∏–µ–º –∏ —ç–∫—Å–ø–æ–∑–∏—Ü–∏–µ–π.",1010
"üì∑ –ü—É—Ç–µ—à–µ—Å—Ç–≤–∏–µ –≤ –ø—Ä–æ—à–ª–æ–µ: –ö–∞–∫ —Ä–µ—Å—Ç–∞–≤—Ä–∏—Ä–æ–≤–∞—Ç—å —Å—Ç–∞—Ä—ã–µ —á–µ—Ä–Ω–æ-–±–µ–ª—ã–µ —Ñ–æ—Ç–æ–≥—Ä–∞—Ñ–∏–∏, –≤–æ–∑–≤—Ä–∞—â–∞—è –∏–º –±—ã–ª—É—é —è—Ä–∫–æ—Å—Ç—å –∏ —á–µ—Ç–∫–æ—Å—Ç—å.",1010
"–¢—Ä–µ–Ω–¥—ã –≤ —Ä–µ–∫–ª–∞–º–µ 2023: –° –∫–∞–∂–¥—ã–º –≥–æ–¥–æ–º —Ä–µ–∫–ª–∞–º–∞ —Å—Ç–∞–Ω–æ–≤–∏—Ç—Å—è –≤—Å—ë –±–æ–ª–µ–µ —Ç–æ–Ω–∫–æ–π –∏ –∏–∑—ã—Å–∫–∞–Ω–Ω–æ–π. –°–µ–π—á–∞—Å –∞–∫—Ü–µ–Ω—Ç —Å–º–µ—â–∞–µ—Ç—Å—è –Ω–∞ —Å–æ–∑–¥–∞–Ω–∏–µ –∏—Å—Ç–æ—Ä–∏–π, –∫–æ—Ç–æ—Ä—ã–µ —Ä–µ–∞–ª—å–Ω–æ –≤–¥–æ—Ö–Ω–æ–≤–ª—è—é—Ç.",1011
"–†–µ–∫–ª–∞–º–∞ vs. PR: –ú–Ω–æ–≥–∏–µ –¥—É–º–∞—é—Ç, —á—Ç–æ —ç—Ç–æ –æ–¥–Ω–æ –∏ —Ç–æ –∂–µ. –ù–∞ —Å–∞–º–æ–º –¥–µ–ª–µ, —Ä–µ–∫–ª–∞–º–∞ —ç—Ç–æ –æ –ø—Ä–æ–¥–≤–∏–∂–µ–Ω–∏–∏ –ø—Ä–æ–¥—É–∫—Ç–∞, –∞ PR ‚Äî –æ –ø—Ä–æ–¥–≤–∏–∂–µ–Ω–∏–∏ –±—Ä–µ–Ω–¥–∞.",1011
"–°–µ–∫—Ä–µ—Ç—ã —É—Å–ø–µ—à–Ω–æ–≥–æ –º–∞—Ä–∫–µ—Ç–∏–Ω–≥–∞: –ì–ª–∞–≤–Ω–æ–µ –≤ –º–∞—Ä–∫–µ—Ç–∏–Ω–≥–µ ‚Äî –ø–æ–Ω–∏–º–∞–Ω–∏–µ –∫–ª–∏–µ–Ω—Ç–∞. –ù–µ –ø—Ä–æ–¥—É–∫—Ç –¥–µ–ª–∞–µ—Ç –±—Ä–µ–Ω–¥ —É—Å–ø–µ—à–Ω—ã–º, –∞ —ç–º–æ—Ü–∏–∏, –∫–æ—Ç–æ—Ä—ã–µ –æ–Ω –≤—ã–∑—ã–≤–∞–µ—Ç.",1011
"Digital vs. Traditional: –í —ç–ø–æ—Ö—É —Ü–∏—Ñ—Ä–æ–≤–∏–∑–∞—Ü–∏–∏ –º–Ω–æ–≥–∏–µ –±—Ä–µ–Ω–¥—ã –ø–µ—Ä–µ–∫–ª—é—á–∞—é—Ç—Å—è –Ω–∞ —Ü–∏—Ñ—Ä–æ–≤–æ–π –º–∞—Ä–∫–µ—Ç–∏–Ω–≥, –Ω–æ —Ç—Ä–∞–¥–∏—Ü–∏–æ–Ω–Ω—ã–µ –º–µ—Ç–æ–¥—ã –≤—Å—ë –µ—â—ë —Ä–∞–±–æ—Ç–∞—é—Ç. –ì–ª–∞–≤–Ω–æ–µ ‚Äî –∑–Ω–∞—Ç—å —Å–≤–æ—é –∞—É–¥–∏—Ç–æ—Ä–∏—é.",1011
–ë—É–¥—É—â–µ–µ PR: –í —ç–ø–æ—Ö—É —Å–æ—Ü–∏–∞–ª—å–Ω—ã—Ö –º–µ–¥–∏–∞ PR-—Å–ø–µ—Ü–∏–∞–ª–∏—Å—Ç—ã —Å—Ç–∞–Ω–æ–≤—è—Ç—Å—è –ø–æ—Å—Ä–µ–¥–Ω–∏–∫–∞–º–∏ –º–µ–∂–¥—É –±—Ä–µ–Ω–¥–∞–º–∏ –∏ –∏—Ö –∞—É–¥–∏—Ç–æ—Ä–∏–µ–π. –ù–∞ –ø–µ—Ä–≤—ã–π –ø–ª–∞–Ω –≤—ã—Ö–æ–¥–∏—Ç –ø—Ä–æ–∑—Ä–∞—á–Ω–æ—Å—Ç—å –∏ –∏—Å–∫—Ä–µ–Ω–Ω–æ—Å—Ç—å.,1011
Influencer-–º–∞—Ä–∫–µ—Ç–∏–Ω–≥: –°–æ—Ç—Ä—É–¥–Ω–∏—á–µ—Å—Ç–≤–æ —Å –±–ª–æ–≥–µ—Ä–∞–º–∏ –∏ –∑–Ω–∞–º–µ–Ω–∏—Ç–æ—Å—Ç—è–º–∏ —Å—Ç–∞–Ω–æ–≤–∏—Ç—Å—è –∫–ª—é—á–µ–≤—ã–º –∏–Ω—Å—Ç—Ä—É–º–µ–Ω—Ç–æ–º –¥–ª—è –¥–æ—Å—Ç–∏–∂–µ–Ω–∏—è –º–æ–ª–æ–¥–æ–π –∞—É–¥–∏—Ç–æ—Ä–∏–∏. –ù–æ –∫–∞–∫ –≤—ã–±—Ä–∞—Ç—å –ø—Ä–∞–≤–∏–ª—å–Ω–æ–≥–æ –∏–Ω—Ñ–ª—é–µ–Ω—Å–µ—Ä–∞?,1011
"–ì—Ä–∞–Ω–∏ —Ä–µ–∫–ª–∞–º—ã: –ü–æ–¥—É–º–∞–π—Ç–µ –¥–≤–∞–∂–¥—ã –ø–µ—Ä–µ–¥ —Ç–µ–º, –∫–∞–∫ –¥–µ–ª–∞—Ç—å –ø—Ä–æ–≤–æ–∫–∞—Ü–∏–æ–Ω–Ω—É—é —Ä–µ–∫–ª–∞–º—É. –û–Ω–∞ –º–æ–∂–µ—Ç –ø—Ä–∏–≤–ª–µ—á—å –≤–Ω–∏–º–∞–Ω–∏–µ, –Ω–æ —Ç–∞–∫–∂–µ –º–æ–∂–µ—Ç –æ—Ç–ø—É–≥–Ω—É—Ç—å –ø–æ—Ç–µ–Ω—Ü–∏–∞–ª—å–Ω—ã—Ö –∫–ª–∏–µ–Ω—Ç–æ–≤.",1011
"–°—Ç—Ä–∞—Ç–µ–≥–∏—è –±—Ä–µ–Ω–¥–∏–Ω–≥–∞: –°–æ–∑–¥–∞–Ω–∏–µ –±—Ä–µ–Ω–¥–∞ ‚Äî —ç—Ç–æ –Ω–µ —Ç–æ–ª—å–∫–æ –ª–æ–≥–æ—Ç–∏–ø. –≠—Ç–æ –∏—Å—Ç–æ—Ä–∏—è, –º–∏—Å—Å–∏—è, –≤–∏–∑–∏—è –∏ —Ü–µ–Ω–Ω–æ—Å—Ç–∏, –∫–æ—Ç–æ—Ä—ã–µ –≤—ã —Ö–æ—Ç–∏—Ç–µ –ø–µ—Ä–µ–¥–∞—Ç—å —Å–≤–æ–∏–º –∫–ª–∏–µ–Ω—Ç–∞–º.",1011
"–ö–∞–∫ –∏–∑–º–µ—Ä–∏—Ç—å ROI –≤ PR?: –ú–Ω–æ–≥–∏–µ –¥—É–º–∞—é—Ç, —á—Ç–æ —É—Å–ø–µ—Ö PR-–∫–∞–º–ø–∞–Ω–∏–∏ –Ω–µ–≤–æ–∑–º–æ–∂–Ω–æ –∏–∑–º–µ—Ä–∏—Ç—å. –ù–∞ —Å–∞–º–æ–º –¥–µ–ª–µ, —Å –ø—Ä–∞–≤–∏–ª—å–Ω—ã–º–∏ –∏–Ω—Å—Ç—Ä—É–º–µ–Ω—Ç–∞–º–∏ –∏ —Å—Ç—Ä–∞—Ç–µ–≥–∏–µ–π, —ç—Ç–æ –≤–ø–æ–ª–Ω–µ –æ—Å—É—â–µ—Å—Ç–≤–∏–º–æ.",1011
"–ì—É–±–µ—Ä–Ω–∞—Ç–æ—Ä –•–∞–±–∞—Ä–æ–≤—Å–∫–æ–≥–æ –ø–æ–∫–∞–∑–∞–ª –ª–∏–¥–µ—Ä—É –ö–ù–î–† –ö–∏–º –ß–µ–Ω –´–Ω—É –≤–æ –≤—Ä–µ–º—è –µ–≥–æ –≤–∏–∑–∏—Ç–∞ –≤ —Ä–µ–≥–∏–æ–Ω –†–§ —Å–ø–µ—Ü–∏–∞–ª—å–Ω—ã–π –≤—ã–ø—É—Å–∫ –∂—É—Ä–Ω–∞–ª–∞ ""–ö–æ—Ä–µ—è"" –∑–∞ 1984 –≥–æ–¥.

–î–∞–Ω–Ω—ã–π –≤—ã–ø—É—Å–∫ –±—ã–ª –ø–æ—Å–≤—è—â–µ–Ω –ø—Ä–∏–µ–∑–¥—É –≤ –°–°–°–† –±—ã–≤—à–µ–≥–æ —Å–µ–≤–µ—Ä–æ–∫–æ—Ä–µ–π—Å–∫–æ–≥–æ –≤–æ–∂–¥—è –ö–∏–º –ò—Ä –°–µ–Ω–∞. –ü–æ —Å–ª–æ–≤–∞–º –ú–∏—Ö–∞–∏–ª–∞ –î–µ–≥—Ç—è—Ä–µ–≤–∞, –≤ –∂—É—Ä–Ω–∞–ª–µ —Ç–∞–∫–∂–µ –µ—Å—Ç—å —Ñ–æ—Ç–æ–ª–µ—Ç–æ–ø–∏—Å—å –•–∞–±–∞—Ä–æ–≤—Å–∫–æ–≥–æ –∫—Ä–∞—è.",1001872252
"–•–∞–±–∞—Ä–æ–≤—Å–∫–∏–π –≥—É–±–µ—Ä–Ω–∞—Ç–æ—Ä –ú–∏—Ö–∞–∏–ª –î–µ–≥—Ç—è—Ä–µ–≤ –ø–æ–∫–∞–∑–∞–ª –ö–∏–º –ß–µ–Ω –´–Ω—É –∂—É—Ä–Ω–∞–ª ¬´–ö–æ—Ä–µ—è¬ª –∑–∞ 1984 –≥–æ–¥. –ö–∞–∫ –æ–±—ä—è—Å–Ω–∏–ª –î–µ–≥—Ç—è—Ä–µ–≤, —ç—Ç–æ –≤—ã–ø—É—Å–∫ –±—ã–ª –ø–æ—Å–≤—è—â–µ–Ω ¬´–≤–∏–∑–∏—Ç—É –≤–µ–ª–∏–∫–æ–≥–æ –≤–æ–∂–¥—è —Ç–æ–≤–∞—Ä–∏—â–∞ –ö–∏–º –ò—Ä –°–µ–Ω–∞ –≤ –°–°–°–†¬ª.

–ö–∏–º –ò—Ä –°–µ–Ω ‚Äî –¥–µ–¥ –Ω—ã–Ω–µ—à–Ω–µ–≥–æ —Ä—É–∫–æ–≤–æ–¥–∏—Ç–µ–ª—è –ö–ù–î–†, –∞ —Å 1998 –≥–æ–¥–∞, –ø–æ—Å–º–µ—Ä—Ç–Ω–æ ‚Äî –≤–µ—á–Ω—ã–π –ø—Ä–µ–∑–∏–¥–µ–Ω—Ç —Å—Ç—Ä–∞–Ω—ã.",1099860397
"–ö–∏–º –ß–µ–Ω –´–Ω—É –ø—Ä–æ–≤–µ–ª–∏ —ç–∫—Å–∫—É—Ä—Å–∏—é –ø–æ —Ñ—Ä–µ–≥–∞—Ç—É ""–ú–∞—Ä—à–∞–ª –®–∞–ø–æ—à–Ω–∏–∫–æ–≤""

–í–∏–¥–µ–æ –ø—É–±–ª–∏–∫—É–µ—Ç –ú–∏–Ω–æ–±–æ—Ä–æ–Ω—ã –†–§.

@SPUTNIKBY",1130470002
"–ö–∞–¥—Ä—ã –ø—Ä–∏–±—ã—Ç–∏—è –°–µ—Ä–≥–µ—è –®–æ–π–≥—É –∏ –ö–∏–º –ß–µ–Ω –´–Ω–∞ –Ω–∞ —Ñ—Ä–µ–≥–∞—Ç –¢–û–§ ""–ú–∞—Ä—à–∞–ª –®–∞–ø–æ—à–Ω–∏–∫–æ–≤"" –≤–æ –í–ª–∞–¥–∏–≤–æ—Å—Ç–æ–∫–µ.

–ì–ª–∞–≤–Ω–æ–∫–æ–º–∞–Ω–¥—É—é—â–∏–π –í–ú–§ –†–æ—Å—Å–∏–∏ –∞–¥–º–∏—Ä–∞–ª –ù–∏–∫–æ–ª–∞–π –ï–≤–º–µ–Ω–æ–≤ —Ä–∞—Å—Å–∫–∞–∑–∞–ª –ª–∏–¥–µ—Ä—É –ö–ù–î–† –æ —Ö–∞—Ä–∞–∫—Ç–µ—Ä–∏—Å—Ç–∏–∫–∞—Ö –∫–æ—Ä–∞–±–ª—è –∏ –ø—Ä–æ—Ç–∏–≤–æ–ª–æ–¥–æ—á–Ω–æ–≥–æ –≤–æ–æ—Ä—É–∂–µ–Ω–∏—è, —Ä–∞—Å–ø–æ–ª–æ–∂–µ–Ω–Ω–æ–≥–æ –Ω–∞ –≤–µ—Ä—Ö–Ω–µ–π –ø–∞–ª—É–±–µ –∏ –Ω–∞–¥—Å—Ç—Ä–æ–π–∫–∞—Ö.",1001872252
"‚ö°Ô∏è–ö–∏–º –ß–µ–Ω –´–Ω –∏ –°–µ—Ä–≥–µ–π –®–æ–π–≥—É –ø—Ä–∏–±—ã–ª–∏ –Ω–∞ —Ñ—Ä–µ–≥–∞—Ç –¢–∏—Ö–æ–æ–∫–µ–∞–Ω—Å–∫–æ–≥–æ —Ñ–ª–æ—Ç–∞ ""–ú–∞—Ä—à–∞–ª –®–∞–ø–æ—à–Ω–∏–∫–æ–≤"" –≤–æ –í–ª–∞–¥–∏–≤–æ—Å—Ç–æ–∫–µ

üòé –ü–æ–¥–ø–∏—Å–∞—Ç—å—Å—è –Ω–∞ IZ.RU",1003698528
"–õ–∏–¥–µ—Ä –ö–ù–î–† –ö–∏–º –ß–µ–Ω –´–Ω –∏ –ú–∏–Ω–∏—Å—Ç—Ä –æ–±–æ—Ä–æ–Ω—ã –†–§ –°–µ—Ä–≥–µ–π –®–æ–π–≥—É –ø—Ä–∏–±—ã–ª–∏ –Ω–∞ —Ñ—Ä–µ–≥–∞—Ç –¢–∏—Ö–æ–æ–∫–µ–∞–Ω—Å–∫–æ–≥–æ —Ñ–ª–æ—Ç–∞ ¬´–ú–∞—Ä—à–∞–ª –®–∞–ø–æ—à–Ω–∏–∫–æ–≤¬ª –≤–æ –í–ª–∞–¥–∏–≤–æ—Å—Ç–æ–∫–µ. 

‚ñ´Ô∏è –õ–∏–¥–µ—Ä –ö–æ—Ä–µ–π—Å–∫–æ–π –ù–∞—Ä–æ–¥–Ω–æ–π –î–µ–º–æ–∫—Ä–∞—Ç–∏—á–µ—Å–∫–æ–π —Ä–µ—Å–ø—É–±–ª–∏–∫–∏ –ö–∏–º –ß–µ–Ω –´–Ω –∏ –ú–∏–Ω–∏—Å—Ç—Ä –æ–±–æ—Ä–æ–Ω—ã –†–æ—Å—Å–∏–π—Å–∫–æ–π –§–µ–¥–µ—Ä–∞—Ü–∏–∏ –≥–µ–Ω–µ—Ä–∞–ª –∞—Ä–º–∏–∏ –°–µ—Ä–≥–µ–π –®–æ–π–≥—É –ø—Ä–∏–±—ã–ª–∏ –Ω–∞ –ø—Ä–∏—à–≤–∞—Ä—Ç–æ–≤–∞–Ω–Ω—ã–π –≤ –±—É—Ö—Ç–µ –£–ª–∏—Å—Å –≥–æ—Ä–æ–¥–∞ –í–ª–∞–¥–∏–≤–æ—Å—Ç–æ–∫–∞ —Ñ—Ä–µ–≥–∞—Ç –¢–∏—Ö–æ–æ–∫–µ–∞–Ω—Å–∫–æ–≥–æ —Ñ–ª–æ—Ç–∞ ¬´–ú–∞—Ä—à–∞–ª –®–∞–ø–æ—à–Ω–∏–∫–æ–≤¬ª. 

‚ñ´Ô∏è –í—ã—Å–æ–∫–∏—Ö –≥–æ—Å—Ç–µ–π –≤—Å—Ç—Ä–µ—Ç–∏–ª –Ω–∞ –±–æ—Ä—Ç—É –∫–æ–º–∞–Ω–¥–∏—Ä –∫–æ—Ä–∞–±–ª—è –∫–∞–ø–∏—Ç–∞–Ω –≤—Ç–æ—Ä–æ–≥–æ —Ä–∞–Ω–≥–∞ –°–µ—Ä–≥–µ–π –ú–µ—Ä–∫—É–ª–æ–≤. –û —Ö–∞—Ä–∞–∫—Ç–µ—Ä–∏—Å—Ç–∏–∫–∞—Ö –∫–æ—Ä–∞–±–ª—è –∏ –ø—Ä–æ—Ç–∏–≤–æ–ª–æ–¥–æ—á–Ω–æ–≥–æ –≤–æ–æ—Ä—É–∂–µ–Ω–∏—è, —Ä–∞—Å–ø–æ–ª–æ–∂–µ–Ω–Ω–æ–≥–æ –Ω–∞ –≤–µ—Ä—Ö–Ω–µ–π –ø–∞–ª—É–±–µ –∏ –Ω–∞–¥—Å—Ç—Ä–æ–π–∫–∞—Ö ‚Äì —á–µ—Ç—ã—Ä—ë—Ö—Ç—Ä—É–±–Ω—ã—Ö —Ç–æ—Ä–ø–µ–¥–Ω—ã—Ö –∞–ø–ø–∞—Ä–∞—Ç–∞—Ö –∏ —Ä–µ–∞–∫—Ç–∏–≤–Ω—ã—Ö –±–æ–º–±–æ–º—ë—Ç–∞—Ö –†–ë–£-6000 ‚Äì —Ä–∞—Å—Å–∫–∞–∑–∞–ª –≥–ª–∞–≤–Ω–æ–∫–æ–º–∞–Ω–¥—É—é—â–∏–π –í–æ–µ–Ω–Ω–æ-–ú–æ—Ä—Å–∫–∏–º —Ñ–ª–æ—Ç–æ–º –†–æ—Å—Å–∏–∏ –∞–¥–º–∏—Ä–∞–ª –ù–∏–∫–æ–ª–∞–π –ï–≤–º–µ–Ω–æ–≤. 

‚ñ´Ô∏è –§—Ä–µ–≥–∞—Ç ¬´–ú–∞—Ä—à–∞–ª –®–∞–ø–æ—à–Ω–∏–∫–æ–≤¬ª, –ø–æ—Å—Ç—Ä–æ–µ–Ω–Ω—ã–π –≤ —Å–µ—Ä–µ–¥–∏–Ω–µ 1980-—Ö –≥–æ–¥–æ–≤ –∫–∞–∫ –±–æ–ª—å—à–æ–π –ø—Ä–æ—Ç–∏–≤–æ–ª–æ–¥–æ—á–Ω—ã–π –∫–æ—Ä–∞–±–ª—å –ø—Ä–æ–µ–∫—Ç–∞ 1155 –Ω–µ—Å–∫–æ–ª—å–∫–æ –ª–µ—Ç –Ω–∞–∑–∞–¥ –ø—Ä–æ—à—ë–ª –≥–ª—É–±–æ–∫—É—é –º–æ–¥–µ—Ä–Ω–∏–∑–∞—Ü–∏—é, –≤ —Ö–æ–¥–µ –∫–æ—Ç–æ—Ä–æ–π –Ω–∞ –Ω–µ–≥–æ –±—ã–ª–æ —É—Å—Ç–∞–Ω–æ–≤–ª–µ–Ω–æ —Å–æ–≤—Ä–µ–º–µ–Ω–Ω–æ–µ –≤–æ–æ—Ä—É–∂–µ–Ω–∏–µ.

üîπ –ú–∏–Ω–æ–±–æ—Ä–æ–Ω—ã –†–æ—Å—Å–∏–∏",1082968817
"–ö–∏–º –ß–µ–Ω –´–Ω—É –ø—Ä–æ–¥–µ–º–æ–Ω—Å—Ç—Ä–∏—Ä–æ–≤–∞–ª–∏ –Ω–æ–≤–æ–µ –≤–æ–æ—Ä—É–∂–µ–Ω–∏–µ —Ñ—Ä–µ–≥–∞—Ç–∞ ¬´–ú–∞—Ä—à–∞–ª –®–∞–ø–æ—à–Ω–∏–∫–æ–≤¬ª –≤–æ –í–ª–∞–¥–∏–≤–æ—Å—Ç–æ–∫–µ 
 
‚ñ´Ô∏è –†–∞–∫–µ—Ç–Ω—ã–µ –∫–æ–º–ø–ª–µ–∫—Å—ã –∏ –∞—Ä—Ç–∏–ª–ª–µ—Ä–∏–π—Å–∫—É—é —É—Å—Ç–∞–Ω–æ–≤–∫—É –ø—Ä–æ–¥–µ–º–æ–Ω—Å—Ç—Ä–∏—Ä–æ–≤–∞–ª–∏ —Ñ—Ä–µ–≥–∞—Ç–∞ ¬´–ú–∞—Ä—à–∞–ª –®–∞–ø–æ—à–Ω–∏–∫–æ–≤¬ª –ø—Ä–æ–¥–µ–º–æ–Ω—Å—Ç—Ä–∏—Ä–æ–≤–∞–ª–∏ –ª–∏–¥–µ—Ä—É –ö–ù–î–† –ö–∏–º—É –ß–µ–Ω –´–Ω—É, –ø–æ—Å–µ—Ç–∏–≤—à–µ–º—É –ø—Ä–∏ –í–ª–∞–¥–∏–≤–æ—Å—Ç–æ–∫–µ. 

‚ñ´Ô∏è –ü—Ä–æ—Ç–∏–≤–æ–∫–æ—Ä–∞–±–µ–ª—å–Ω—ã–µ —Ä–∞–∫–µ—Ç–Ω—ã–µ –∫–æ–º–ø–ª–µ–∫—Å—ã ¬´–£—Ä–∞–Ω¬ª –∏ —É–Ω–∏–≤–µ—Ä—Å–∞–ª—å–Ω—ã–µ –∫–æ–º–ø–ª–µ–∫—Å—ã –∫—Ä—ã–ª–∞—Ç—ã—Ö —Ä–∞–∫–µ—Ç ¬´–ö–∞–ª–∏–±—Ä¬ª, –∞ —Ç–∞–∫–∂–µ 100-–º–∏–ª–ª–∏–º–µ—Ç—Ä–æ–≤—É—é –∞–≤—Ç–æ–º–∞—Ç–∏—á–µ—Å–∫—É—é –∞—Ä—Ç–∏–ª–ª–µ—Ä–∏–π—Å–∫—É—é —É—Å—Ç–∞–Ω–æ–≤–∫—É –ê-190 –ø—Ä–æ–¥–µ–º–æ–Ω—Å—Ç—Ä–∏—Ä–æ–≤–∞–ª–∏ —Ä—É–∫–æ–≤–æ–¥–∏—Ç–µ–ª—é –ö–æ—Ä–µ–π—Å–∫–æ–π –ù–∞—Ä–æ–¥–Ω–æ–π –î–µ–º–æ–∫—Ä–∞—Ç–∏—á–µ—Å–∫–æ–π –†–µ—Å–ø—É–±–ª–∏–∫–∏ –ö–∏–º –ß–µ–Ω –´–Ω—É –≤–æ –≤—Ä–µ–º—è –µ–≥–æ –ø–æ—Å–µ—â–µ–Ω–∏—è —Ñ—Ä–µ–≥–∞—Ç–∞ –¢–∏—Ö–æ–æ–∫–µ–∞–Ω—Å–∫–æ–≥–æ —Ñ–ª–æ—Ç–∞ ¬´–ú–∞—Ä—à–∞–ª –®–∞–ø–æ—à–Ω–∏–∫–æ–≤. 

‚ñ´Ô∏è –ì–ª–∞–≤–Ω–æ–∫–æ–º–∞–Ω–¥—É—é—â–∏–π –í–æ–µ–Ω–Ω–æ-–ú–æ—Ä—Å–∫–∏–º –§–ª–æ—Ç–æ–º –∞–¥–º–∏—Ä–∞–ª –ù–∏–∫–æ–ª–∞–π –ï–≤–º–µ–Ω–æ–≤ —Ä–∞—Å—Å–∫–∞–∑–∞–ª –ª–∏–¥–µ—Ä—É –°–µ–≤–µ—Ä–Ω–æ–π –ö–æ—Ä–µ–∏ –∏ –ú–∏–Ω–∏—Å—Ç—Ä—É –æ–±–æ—Ä–æ–Ω—ã –†–æ—Å—Å–∏–∏ –≥–µ–Ω–µ—Ä–∞–ª—É –∞—Ä–º–∏–∏ –°–µ—Ä–≥–µ—é –®–æ–π–≥—É –æ —Ö–∞—Ä–∞–∫—Ç–µ—Ä–∏—Å—Ç–∏–∫–∞—Ö —Å–æ–≤—Ä–µ–º–µ–Ω–Ω–æ–≥–æ —Ä–æ—Å—Å–∏–π—Å–∫–æ–≥–æ —Ä–∞–∫–µ—Ç–Ω–æ–≥–æ –∏ –∞—Ä—Ç–∏–ª–ª–µ—Ä–∏–π—Å–∫–æ–≥–æ –æ—Ä—É–∂–∏—è –º–æ—Ä—Å–∫–æ–≥–æ –±–∞–∑–∏—Ä–æ–≤–∞–Ω–∏—è, –∫–æ—Ç–æ—Ä—ã–º –æ—Å–Ω–∞—â—ë–Ω –º–æ–¥–µ—Ä–Ω–∏–∑–∏—Ä–æ–≤–∞–Ω–Ω—ã–π —Ñ—Ä–µ–≥–∞—Ç.  

‚ñ´Ô∏è –î–∞–Ω–Ω—ã–µ –∫–æ–º–ø–ª–µ–∫—Å—ã –∫–∞—á–µ—Å—Ç–≤–µ–Ω–Ω–æ –æ—Ç–ª–∏—á–∞—é—Ç –∫–æ—Ä–∞–±–ª—å –æ—Ç –±–æ–ª—å—à–∏—Ö –ø—Ä–æ—Ç–∏–≤–æ–ª–æ–¥–æ—á–Ω—ã—Ö –∫–æ—Ä–∞–±–ª–µ–π –ø—Ä–æ–µ–∫—Ç–∞ 1155 –∏ —Å—É—â–µ—Å—Ç–≤–µ–Ω–Ω–æ —Ä–∞—Å—à–∏—Ä—è—é—Ç –µ–≥–æ –±–æ–µ–≤—ã–µ –≤–æ–∑–º–æ–∂–Ω–æ—Å—Ç–∏. –° –¥–∞–Ω–Ω—ã–º –≤–æ–æ—Ä—É–∂–µ–Ω–∏–µ–º —Ñ—Ä–µ–≥–∞—Ç ¬´–ú–∞—Ä—à–∞–ª –®–∞–ø–æ—à–Ω–∏–∫–æ–≤¬ª —Å–ø–æ—Å–æ–±–µ–Ω –Ω–µ —Ç–æ–ª—å–∫–æ —ç—Ñ—Ñ–µ–∫—Ç–∏–≤–Ω–æ –±–æ—Ä–æ—Ç—å—Å—è —Å —Å–æ–≤—Ä–µ–º–µ–Ω–Ω—ã–º–∏ –ø–æ–¥–≤–æ–¥–Ω—ã–º–∏ –ª–æ–¥–∫–∞–º–∏ –ø—Ä–æ—Ç–∏–≤–Ω–∏–∫–∞, –Ω–æ –∏ –≤–µ—Å—Ç–∏ –±–æ–π —Å –Ω–∞–¥–≤–æ–¥–Ω—ã–º –ø—Ä–æ—Ç–∏–≤–Ω–∏–∫–æ–º –Ω–∞ –±–æ–ª—å—à–∏—Ö –¥–∏—Å—Ç–∞–Ω—Ü–∏—è—Ö, –∞ —Ç–∞–∫–∂–µ –Ω–∞–Ω–æ—Å–∏—Ç—å —Ç–æ—á–Ω—ã–µ —É–¥–∞—Ä—ã –ø–æ –±–µ—Ä–µ–≥–æ–≤—ã–º –æ–±—ä–µ–∫—Ç–∞–º –∏ –æ–±—ä–µ–∫—Ç–∞–º, —Ä–∞—Å–ø–æ–ª–æ–∂–µ–Ω–Ω—ã–º –Ω–∞ –∑–Ω–∞—á–∏—Ç–µ–ª—å–Ω–æ–º –æ—Ç–¥–∞–ª–µ–Ω–∏–∏ –æ—Ç –±–µ—Ä–µ–≥–æ–≤–æ–π —á–µ—Ä—Ç—ã.

üîπ –ú–∏–Ω–æ–±–æ—Ä–æ–Ω—ã –†–æ—Å—Å–∏–∏",1082968817
"üá∫üá∏üá∫üá¶ –°–®–ê –Ω–µ –ø–ª–∞–Ω–∏—Ä—É—é—Ç –æ–±—ä—è–≤–ª—è—Ç—å –æ —Ä–µ—à–µ–Ω–∏–∏ –ø–æ —Ä–∞–∫–µ—Ç–∞–º –¥–∞–ª—å–Ω–µ–≥–æ –¥–µ–π—Å—Ç–≤–∏—è –≤–æ –≤—Ä–µ–º—è –≤–∏–∑–∏—Ç–∞ –ó–µ–ª–µ–Ω—Å–∫–æ–≥–æ

–ê–¥–º–∏–Ω–∏—Å—Ç—Ä–∞—Ü–∏—è –ë–∞–π–¥–µ–Ω–∞ –Ω–∞ –¥–∞–Ω–Ω—ã–π –º–æ–º–µ–Ω—Ç –Ω–µ –ø–ª–∞–Ω–∏—Ä—É–µ—Ç –æ–±—ä—è–≤–ª—è—Ç—å –æ —Å–≤–æ–µ–º —Ä–µ—à–µ–Ω–∏–∏ –æ —Ç–æ–º, –æ—Ç–ø—Ä–∞–≤–ª—è—Ç—å –ª–∏ —Ä–∞–∫–µ—Ç—ã –±–æ–ª—å—à–µ–π –¥–∞–ª—å–Ω–æ—Å—Ç–∏, –∫–æ—Ç–æ—Ä—ã–µ –ö–∏–µ–≤ –¥–æ–±–∏–≤–∞–µ—Ç—Å—è –≤–æ –≤—Ä–µ–º—è –≤–∏–∑–∏—Ç–∞ –ø—Ä–µ–∑–∏–¥–µ–Ω—Ç–∞ –£–∫—Ä–∞–∏–Ω—ã –ó–µ–ª–µ–Ω—Å–∫–æ–≥–æ –≤ –í–∞—à–∏–Ω–≥—Ç–æ–Ω –Ω–∞ —Å–ª–µ–¥—É—é—â–µ–π –Ω–µ–¥–µ–ª–µ. –û–± —ç—Ç–æ–º —Å–æ–æ–±—â–∞–µ—Ç –∞–º–µ—Ä–∏–∫–∞–Ω—Å–∫–æ–µ –∏–∑–¥–∞–Ω–∏–µ Axios.

–ü–æ —Å–ª–æ–≤–∞–º —É–∫—Ä–∞–∏–Ω—Å–∫–æ–≥–æ –∏—Å—Ç–æ—á–Ω–∏–∫–∞, –≤ –ö–∏–µ–≤–µ –Ω–∞–¥–µ—è–ª–∏—Å—å, —á—Ç–æ –ë–∞–π–¥–µ–Ω –æ–¥–æ–±—Ä–∏—Ç –ø–æ—Å—Ç–∞–≤–∫—É –∞—Ä–º–µ–π—Å–∫–∏—Ö —Ç–∞–∫—Ç–∏—á–µ—Å–∫–∏—Ö —Ä–∞–∫–µ—Ç–Ω—ã—Ö —Å–∏—Å—Ç–µ–º, –∏–ª–∏ ATACMS —Å –¥–∞–ª—å–Ω–æ—Å—Ç—å—é –ø–æ–ª–µ—Ç–∞ –¥–æ 190 –º–∏–ª—å.

–ê–º–µ—Ä–∏–∫–∞–Ω—Å–∫–∏–π —á–∏–Ω–æ–≤–Ω–∏–∫ –∑–∞—è–≤–∏–ª, —á—Ç–æ —ç—Ç–æ—Ç –≤–æ–ø—Ä–æ—Å –±—ã–ª –ø–æ–¥–Ω—è—Ç —É–∫—Ä–∞–∏–Ω—Å–∫–∏–º–∏ —á–∏–Ω–æ–≤–Ω–∏–∫–∞–º–∏ –≤–æ –≤—Ä–µ–º—è –≤–∏–∑–∏—Ç–∞ –≥–æ—Å—Å–µ–∫—Ä–µ—Ç–∞—Ä—è –¢–æ–Ω–∏ –ë–ª–∏–Ω–∫–µ–Ω–∞ –≤ –ö–∏–µ–≤ –Ω–∞ –ø—Ä–æ—à–ª–æ–π –Ω–µ–¥–µ–ª–µ.

üîπ –ê–º–µ—Ä–∏–∫–∞–Ω—Å–∫–∏–π —á–∏–Ω–æ–≤–Ω–∏–∫ —Å–∫–∞–∑–∞–ª Axios, —á—Ç–æ –≤ –∞–¥–º–∏–Ω–∏—Å—Ç—Ä–∞—Ü–∏–∏ –ë–∞–π–¥–µ–Ω–∞ –≤—Å–µ –µ—â–µ –≤–µ–¥—É—Ç—Å—è –¥–µ–±–∞—Ç—ã –æ –ø–æ—Å—Ç–∞–≤–∫–∞—Ö ATACMS.",1453804949
"üá∫üá¶üá∫üá∏üá∫üá≥–ü–æ—Ä—Ç–∞–ª Axios –ø–∏—à–µ—Ç, —á—Ç–æ –®—Ç–∞—Ç—ã –Ω–µ –±—É–¥—É—Ç –æ–±—ä—è–≤–ª—è—Ç—å –æ –Ω–∞—á–∞–ª–µ –ø–æ—Å—Ç–∞–≤–æ–∫ –£–∫—Ä–∞–∏–Ω–µ —Ä–∞–∫–µ—Ç ATACMS –≤–æ –≤—Ä–µ–º—è –≤–∏–∑–∏—Ç–∞ –ó–µ–ª–∏ –Ω–∞ –ì–µ–Ω–∞—Å—Å–∞–º–±–ª–µ—é –û–û–ù.

–ü–æ–¥–ø–∏—Å–∞—Ç—å—Å—è –Ω–∞ –∫–∞–Ω–∞–ª",1205641526
"–ê–¥–º–∏–Ω–∏—Å—Ç—Ä–∞—Ü–∏—è –ø—Ä–µ–∑–∏–¥–µ–Ω—Ç–∞ –°–®–ê –î–∂–æ –ë–∞–π–¥–µ–Ω–∞ –Ω–µ –ø–ª–∞–Ω–∏—Ä—É–µ—Ç –æ–±—ä—è–≤–ª—è—Ç—å –æ —Å–≤–æ–µ–º —Ä–µ—à–µ–Ω–∏–∏, –∫–∞—Å–∞—é—â–µ–≥–æ—Å—è –ø–æ—Å—Ç–∞–≤–æ–∫ –£–∫—Ä–∞–∏–Ω–µ —Ä–∞–∫–µ—Ç –±–æ–ª—å—à–æ–π –¥–∞–ª—å–Ω–æ—Å—Ç–∏, –≤ —Ö–æ–¥–µ –≤–∏–∑–∏—Ç–∞ —É–∫—Ä–∞–∏–Ω—Å–∫–æ–≥–æ –ø—Ä–µ–∑–∏–¥–µ–Ω—Ç–∞ –í–ª–∞–¥–∏–º–∏—Ä–∞ –ó–µ–ª–µ–Ω—Å–∫–æ–≥–æ –≤ –í–∞—à–∏–Ω–≥—Ç–æ–Ω –∏ –ù—å—é-–ô–æ—Ä–∫, —Å–æ–æ–±—â–∏–ª –ø–æ—Ä—Ç–∞–ª Axios —Å–æ —Å—Å—ã–ª–∫–æ–π –Ω–∞ –∏–Ω—Ñ–æ—Ä–º–∏—Ä–æ–≤–∞–Ω–Ω—ã–π –∏—Å—Ç–æ—á–Ω–∏–∫.

–ò—Å—Ç–æ—á–Ω–∏–∫ —Å–æ–æ–±—â–∏–ª –ø–æ—Ä—Ç–∞–ª—É, —á—Ç–æ –≤ –∞–¥–º–∏–Ω–∏—Å—Ç—Ä–∞—Ü–∏–∏ –ë–∞–π–¥–µ–Ω–∞ –ø–æ –ø–æ–≤–æ–¥—É –ø–æ—Å—Ç–∞–≤–æ–∫ ATACMS –≤—Å–µ –µ—â–µ –≤–µ–¥—É—Ç—Å—è –¥–µ–±–∞—Ç—ã, –∞ –≤ –ö–∏–µ–≤–µ –Ω–∞–¥–µ—è–ª–∏—Å—å, —á—Ç–æ –ë–∞–π–¥–µ–Ω –æ–¥–æ–±—Ä–∏—Ç –ø–æ—Å—Ç–∞–≤–∫—É –∞—Ä–º–µ–π—Å–∫–∏—Ö —Ç–∞–∫—Ç–∏—á–µ—Å–∫–∏—Ö —Ä–∞–∫–µ—Ç–Ω—ã—Ö –∫–æ–º–ø–ª–µ–∫—Å–æ–≤ ATACMS –Ω–∞ —Å–ª–µ–¥—É—é—â–µ–π –Ω–µ–¥–µ–ª–µ, –ø–æ–ª—å–∑—É—è—Å—å –ø—Ä–µ–±—ã–≤–∞–Ω–∏–µ–º –ó–µ–ª–µ–Ω—Å–∫–æ–≥–æ –≤ –°–®–ê.",1394050290
"–í–æ–ø—Ä–µ–∫–∏ –æ–∂–∏–¥–∞–Ω–∏—è–º –ö–∏–µ–≤–∞, –ë–µ–ª—ã–π –¥–æ–º –Ω–µ –ø–ª–∞–Ω–∏—Ä—É–µ—Ç –æ–±—ä—è–≤–ª—è—Ç—å –æ –ø–µ—Ä–µ–¥–∞—á–µ –£–∫—Ä–∞–∏–Ω–µ –¥–∞–ª—å–Ω–æ–±–æ–π–Ω—ã—Ö —Ä–∞–∫–µ—Ç ATACMS –≤–æ –≤—Ä–µ–º—è –≤–∏–∑–∏—Ç–∞ —É–∫—Ä–∞–∏–Ω—Å–∫–æ–≥–æ –ø—Ä–µ–∑–∏–¥–µ–Ω—Ç–∞ –í–ª–∞–¥–∏–º–∏—Ä–∞ –ó–µ–ª–µ–Ω—Å–∫–æ–≥–æ –≤ –í–∞—à–∏–Ω–≥—Ç–æ–Ω –∏ —à—Ç–∞–±-–∫–≤–∞—Ä—Ç–∏—Ä—É –û–û–ù, –ø–∏—à–µ—Ç Axios —Å–æ —Å—Å—ã–ª–∫–æ–π –Ω–∞ –∏—Å—Ç–æ—á–Ω–∏–∫. –ü–æ –µ–≥–æ —Å–ª–æ–≤–∞–º, –≤ –ø—Ä–µ–∑–∏–¥–µ–Ω—Ç—Å–∫–æ–π –∞–¥–º–∏–Ω–∏—Å—Ç—Ä–∞—Ü–∏–∏ –≤—Å–µ –µ—â–µ –≤–µ–¥—É—Ç—Å—è —Å–ø–æ—Ä—ã –ø–æ —ç—Ç–æ–º—É –≤–æ–ø—Ä–æ—Å—É.

–ü–æ —Å–≤–µ–¥–µ–Ω–∏—è–º CNN, –æ–∫–æ–Ω—á–∞—Ç–µ–ª—å–Ω–æ–µ —Ä–µ—à–µ–Ω–∏–µ –≤—Å–µ –µ—â–µ –Ω–µ –ø—Ä–∏–Ω—è—Ç–æ, –Ω–æ –≤–µ—Ä–æ—è—Ç–Ω–æ—Å—Ç—å –ø–æ–ª–æ–∂–∏—Ç–µ–ª—å–Ω–æ–≥–æ –æ—Ç–≤–µ—Ç–∞ –°–®–ê –Ω–∞ –∑–∞–ø—Ä–æ—Å—ã –ö–∏–µ–≤–∞ —Å–µ–π—á–∞—Å –≤—ã—Å–æ–∫–∞, –∫–∞–∫ –Ω–∏–∫–æ–≥–¥–∞ –ø—Ä–µ–∂–¥–µ. –ù–∞ –æ–¥–æ–±—Ä–µ–Ω–∏–∏ –ø–æ—Å—Ç–∞–≤–æ–∫ ATACMS –Ω–∞—Å—Ç–∞–∏–≤–∞—é—Ç –≤ –ø–µ—Ä–≤—É—é –æ—á–µ—Ä–µ–¥—å –ü–µ–Ω—Ç–∞–≥–æ–Ω –∏ –ì–æ—Å–¥–µ–ø–∞—Ä—Ç–∞–º–µ–Ω—Ç.",1099860397
"–°–®–ê –≤ –±–ª–∏–∂–∞–π—à–µ–µ –≤—Ä–µ–º—è –ø–µ—Ä–µ–¥–∞–¥—É—Ç –£–∫—Ä–∞–∏–Ω–µ –±–æ–ª–µ–µ –¥–µ—Å—è—Ç–∏ —Ç–∞–Ω–∫–æ–≤ Abrams

–û–± —ç—Ç–æ–º –∑–∞—è–≤–∏–ª —Å–µ–∫—Ä–µ—Ç–∞—Ä—å –°–ù–ë–û –ê–ª–µ–∫—Å–µ–π –î–∞–Ω–∏–ª–æ–≤ –≤ –∫–æ–º–º–µ–Ω—Ç–∞—Ä–∏–∏ –£–∫—Ä–∞–∏–Ω—Å–∫–æ–º—É –†–∞–¥–∏–æ.

¬´–ß—Ç–æ –∫–∞—Å–∞–µ—Ç—Å—è –ø–æ—Å—Ç–∞–≤–∫–∏ Abrams, - —Ç—è–∂–µ–ª–µ–π—à–∏—Ö —Ç–∞–Ω–∫–æ–≤ –≤ –º–∏—Ä–µ, –∫–æ—Ç–æ—Ä—ã–µ –≤–µ—Å—è—Ç 80 —Ç–æ–Ω–Ω, —Ç–æ –æ–Ω–∏ –≤ –±–ª–∏–∂–∞–π—à–µ–µ –≤—Ä–µ–º—è –ø–æ—Å—Ç—É–ø—è—Ç –≤ –Ω–∞—à—É —Å—Ç—Ä–∞–Ω—É. –ù–∞—à–∏ —Å—Ç—Ä–∞—Ç–µ–≥–∏—á–µ—Å–∫–∏–µ –ø–∞—Ä—Ç–Ω–µ—Ä—ã - –°–®–ê - –≤ —ç—Ç–æ–º —Å–ª—É—á–∞–µ –Ω–∞—Å –Ω–µ –ø–æ–¥–≤–æ–¥—è—Ç. –í –±–ª–∏–∂–∞–π—à–µ–µ –≤—Ä–µ–º—è —ç—Ç–∏ —Ç–∞–Ω–∫–∏ –±—É–¥—É—Ç –∑–∞—â–∏—â–∞—Ç—å –Ω–∞—à—É —Å—Ç—Ä–∞–Ω—É¬ª, - –∑–∞—è–≤–∏–ª –æ–Ω.

üá∫üá¶ –£–∫—Ä–∞–∏–Ω–∞ –°–µ–π—á–∞—Å / –ü–æ–¥–ø–∏—Å–∞—Ç—å—Å—è",1197363285
"–°–®–ê —Å–∫–æ—Ä–æ –æ—Ç–ø—Ä–∞–≤—è—Ç –Ω–∞ –£–∫—Ä–∞–∏–Ω—É –±–æ–ª–µ–µ –¥–µ—Å—è—Ç–∏ —Ç–∞–Ω–∫–æ–≤ Abrams

–û–± —ç—Ç–æ–º –∑–∞—è–≤–∏–ª —Å–µ–∫—Ä–µ—Ç–∞—Ä—å –°–ù–ë–û –ê–ª–µ–∫—Å–µ–π –î–∞–Ω–∏–ª–æ–≤ –≤ –∫–æ–º–º–µ–Ω—Ç–∞—Ä–∏–∏ –£–∫—Ä–∞–∏–Ω—Å–∫–æ–º—É –†–∞–¥–∏–æ.

üìù ¬´–ß—Ç–æ –∫–∞—Å–∞–µ—Ç—Å—è –ø–æ—Å—Ç–∞–≤–∫–∏ Abrams, - —Ç—è–∂–µ–ª–µ–π—à–∏—Ö —Ç–∞–Ω–∫–æ–≤ –≤ –º–∏—Ä–µ, –∫–æ—Ç–æ—Ä—ã–µ –≤–µ—Å—è—Ç 80 —Ç–æ–Ω–Ω, —Ç–æ –æ–Ω–∏ –≤ –±–ª–∏–∂–∞–π—à–µ–µ –≤—Ä–µ–º—è –ø–æ—Å—Ç—É–ø—è—Ç –≤ –Ω–∞—à—É —Å—Ç—Ä–∞–Ω—É. –ù–∞—à–∏ —Å—Ç—Ä–∞—Ç–µ–≥–∏—á–µ—Å–∫–∏–µ –ø–∞—Ä—Ç–Ω–µ—Ä—ã - –°–®–ê - –≤ —ç—Ç–æ–º —Å–ª—É—á–∞–µ –Ω–∞—Å –Ω–µ –ø–æ–¥–≤–æ–¥—è—Ç. –í –±–ª–∏–∂–∞–π—à–µ–µ –≤—Ä–µ–º—è —ç—Ç–∏ —Ç–∞–Ω–∫–∏ –±—É–¥—É—Ç –∑–∞—â–∏—â–∞—Ç—å –Ω–∞—à—É —Å—Ç—Ä–∞–Ω—É¬ª, - –∑–∞—è–≤–∏–ª –æ–Ω.

–î–∞–Ω–∏–ª–æ–≤, –æ–¥–∏–Ω –∏–∑ –≥–ª–∞–≤–Ω—ã—Ö –≤—ã–≥–æ–¥–æ–ø–æ–ª—É—á–∞—Ç–µ–ª–µ–π –æ—Ç –≤–æ–µ–Ω–Ω—ã—Ö –ø–æ—Å—Ç–∞–≤–æ–∫ –Ω–∞ –£–∫—Ä–∞–∏–Ω—É, –Ω–µ —É—Ç–æ—á–Ω–∏–ª –ø—Ä–∏ —ç—Ç–æ–º, –±—É–¥—É—Ç –ª–∏ –≤–∫–ª—é—á–µ–Ω—ã –≤ —Å–æ—Å—Ç–∞–≤ —ç–∫–∏–ø–∞–∂–µ–π —ç—Ç–∏—Ö —Ç–∞–Ω–∫–æ–≤ –µ–≥–æ –¥–µ—Ç–∏. –ù–∞–ø–æ–º–Ω–∏–º, —Å–µ–º—å—è –î–∞–Ω–∏–ª–æ–≤–∞ –∂–∏–≤–µ—Ç –∑–∞ —Å—á–µ—Ç –≥–æ—Å–±—é–¥–∂–µ—Ç–∞ –≤ –°–®–ê, –∏ –ø—Ä–µ–∫—Ä–∞—Å–Ω–æ —Å–µ–±—è —á—É–≤—Å—Ç–≤—É–µ—Ç.",1453804949
"–Ø–∑—ã–∫–∏ –ø–ª–∞–º–µ–Ω–∏ —É–Ω–∏—á—Ç–æ–∂–∏–ª–∏ —Ü–µ–ª—É—é —ç–ø–æ—Ö—É...

–°–≥–æ—Ä–µ–≤—à–∏–π —ç—Ç–æ–π –Ω–æ—á—å—é –∫–∏–Ω–æ—Ç–µ–∞—Ç—Ä ¬´–°–ª–∞–≤–∞¬ª (—Å–ø–æ–π–ª–µ—Ä: —ç—Ç–æ —É–∂–µ –¥–∞–≤–Ω–æ –Ω–µ –∫–∏–Ω–æ—Ç–µ–∞—Ç—Ä) –ø—Ä–æ—à—ë–ª –¥–ª–∏–Ω–Ω—ã–π –∏ —Å–ª–æ–∂–Ω—ã–π –ø—É—Ç—å, —á—Ç–æ–±—ã –æ—Ç—Å—Ç–æ—è—Ç—å —Å–≤–æ—ë –ø—Ä–∞–≤–æ –Ω–∞ —Å—É—â–µ—Å—Ç–≤–æ–≤–∞–Ω–∏–µ. 78 –∏–∑—É—á–∏–ª –∏—Å—Ç–æ—Ä–∏—é –∑–¥–∞–Ω–∏—è, —á—Ç–æ–±—ã –ø–æ–Ω—è—Ç—å, –ø–æ-–Ω–∞—Å—Ç–æ—è—â–µ–º—É –∞–¥—Å–∫–∏–π –ø–æ–∂–∞—Ä –±—ã–ª –Ω–µ—Å—á–∞—Å—Ç–Ω—ã–º —Å–ª—É—á–∞–µ–º –∏–ª–∏ –≤–æ–∑–º–æ–∂–Ω–æ–π –∫–æ–Ω—Ü–æ–≤–∫–æ–π –∑–∞ –±–æ—Ä—å–±—É —Ç–µ—Ä—Ä–∏—Ç–æ—Ä–∏–∏.

–ü–æ–¥—Ä–æ–±–Ω–µ–µ —á–∏—Ç–∞–π—Ç–µ –≤ –Ω–∞—à–µ–º –º–∞—Ç–µ—Ä–∏–∞–ª–µ.

78|–ù–û–í–û–°–¢–ò",1636557308
"–Ø–∑—ã–∫–∏ –ø–ª–∞–º–µ–Ω–∏ —É–Ω–∏—á—Ç–æ–∂–∏–ª–∏ —Ü–µ–ª—É—é —ç–ø–æ—Ö—É...

–°–≥–æ—Ä–µ–≤—à–∏–π —ç—Ç–æ–π –Ω–æ—á—å—é –∫–∏–Ω–æ—Ç–µ–∞—Ç—Ä ¬´–°–ª–∞–≤–∞¬ª (—Å–ø–æ–π–ª–µ—Ä: —ç—Ç–æ —É–∂–µ –¥–∞–≤–Ω–æ –Ω–µ –∫–∏–Ω–æ—Ç–µ–∞—Ç—Ä) –ø—Ä–æ—à—ë–ª –¥–ª–∏–Ω–Ω—ã–π –∏ —Å–ª–æ–∂–Ω—ã–π –ø—É—Ç—å, —á—Ç–æ–±—ã –æ—Ç—Å—Ç–æ—è—Ç—å —Å–≤–æ—ë –ø—Ä–∞–≤–æ –Ω–∞ —Å—É—â–µ—Å—Ç–≤–æ–≤–∞–Ω–∏–µ. 78 –∏–∑—É—á–∏–ª –∏—Å—Ç–æ—Ä–∏—é –∑–¥–∞–Ω–∏—è, —á—Ç–æ–±—ã –ø–æ–Ω—è—Ç—å, –ø–æ-–Ω–∞—Å—Ç–æ—è—â–µ–º—É –∞–¥—Å–∫–∏–π –ø–æ–∂–∞—Ä –±—ã–ª –Ω–µ—Å—á–∞—Å—Ç–Ω—ã–º —Å–ª—É—á–∞–µ–º –∏–ª–∏ –≤–æ–∑–º–æ–∂–Ω–æ–π –∫–æ–Ω—Ü–æ–≤–∫–æ–π –∑–∞ –±–æ—Ä—å–±—É —Ç–µ—Ä—Ä–∏—Ç–æ—Ä–∏–∏.

–ü–æ–¥—Ä–æ–±–Ω–µ–µ —á–∏—Ç–∞–π—Ç–µ –≤ –Ω–∞—à–µ–º –º–∞—Ç–µ—Ä–∏–∞–ª–µ.

78|–ù–û–í–û–°–¢–ò",1636557308
"–¢–∞–ª–∏–±–∞–Ω –∑–∞—è–≤–∏–ª, —á—Ç–æ –ø–æ–¥–¥–µ—Ä–∂–∏–≤–∞–µ—Ç —Ç–µ—Ä—Ä–∏—Ç–æ—Ä–∏–∞–ª—å–Ω—É—é —Ü–µ–ª–æ—Å—Ç–Ω–æ—Å—Ç—å –ê–∑–µ—Ä–±–∞–π–¥–∂–∞–Ω–∞.",1315670121
"–¢–∞–ª–∏–±–∞–Ω –∑–∞—è–≤–∏–ª, —á—Ç–æ –ø–æ–¥–¥–µ—Ä–∂–∏–≤–∞–µ—Ç —Ç–µ—Ä—Ä–∏—Ç–æ—Ä–∏–∞–ª—å–Ω—É—é —Ü–µ–ª–æ—Å—Ç–Ω–æ—Å—Ç—å –ê–∑–µ—Ä–±–∞–π–¥–∂–∞–Ω–∞.",1315670121
"–ü—Ä–∏—á–∏–Ω–æ–π —Å–º–µ—Ä—Ç–∏ –∞–∫—Ç–µ—Ä–∞ –ì—Ä–∏—à–µ—á–∫–∏–Ω–∞ —Å—Ç–∞–ª–∞ –±–æ–ª–µ–∑–Ω—å —Å–µ—Ä–¥—Ü–∞, —Å–æ–æ–±—â–∞–µ—Ç –†–ë–ö

–ü–æ–¥–ø–∏—Å–∞—Ç—å—Å—è –Ω–∞ IZ.RU",1003698528
"–í –≤–æ–∑—Ä–∞—Å—Ç–µ 61 –≥–æ–¥–∞ —É–º–µ—Ä –í—è—á–µ—Å–ª–∞–≤ –ì—Ä–∏—à–µ—á–∫–∏–Ω, –∑–≤–µ–∑–¥–∞ —Å–µ—Ä–∏–∞–ª–∞ ¬´–°–æ–ª–¥–∞—Ç—ã¬ª. –°–æ–æ–±—â–∞–µ—Ç—Å—è, —á—Ç–æ —É –∞–∫—Ç–µ—Ä–∞ –±—ã–ª–∏ –ø—Ä–æ–±–ª–µ–º—ã —Å —Å–µ—Ä–¥—Ü–µ–º.

–ü–µ—Ç—è –ü–µ—Ä–≤—ã–π. –ü–æ–¥–ø–∏—Å–∞—Ç—å—Å—è",1636754781
"–£–º–µ—Ä –∑–≤–µ–∑–¥–∞ —Å–µ—Ä–∏–∞–ª–∞ ""–°–æ–ª–¥–∞—Ç—ã"" –í—è—á–µ—Å–ª–∞–≤ –ì—Ä–∏—à–µ—á–∫–∏–Ω

–ù–µ–¥–µ–ª—é –Ω–∞–∑–∞–¥ –∞—Ä—Ç–∏—Å—Ç –ø–æ–ø–∞–ª –≤¬†–±–æ–ª—å–Ω–∏—Ü—É –∏–∑-–∑–∞ –ø—Ä–æ–±–ª–µ–º —Å¬†—Å–µ—Ä–¥—Ü–µ–º.

–û–¥–Ω–∞ –∏–∑ —Å–∞–º—ã—Ö —è—Ä–∫–∏—Ö —Ä–æ–ª–µ–π –ì—Ä–∏—à–µ—á–∫–∏–Ω–∞ ‚Äì –æ—Ñ–∏—Ü–µ—Ä –ê–ª–µ–∫—Å–∞–Ω–¥—Ä –°—Ç–∞—Ä–æ–∫–æ–Ω—å –≤ —Å–µ—Ä–∏–∞–ª–µ ""–°–æ–ª–¥–∞—Ç—ã"". –í—Å–µ–≥–æ –Ω–∞ –µ–≥–æ —Å—á–µ—Ç—É —É—á–∞—Å—Ç–∏–µ –ø–æ—á—Ç–∏ –≤ 170 –ø—Ä–æ–µ–∫—Ç–∞—Ö. 

–ì—Ä–∏—à–µ—á–∫–∏–Ω—É –±—ã–ª 61 –≥–æ–¥. 

@SPUTNIKBY",1130470002
"–ö–∏–º –ß–µ–Ω –´–Ω –≤—Å—Ç—Ä–µ—Ç–∏–ª—Å—è —Å –°–µ—Ä–≥–µ–µ–º –®–æ–π–≥—É –Ω–∞ –∞—ç—Ä–æ–¥—Ä–æ–º–µ –ö–Ω–µ–≤–∏—á–∏ –≤ –ü—Ä–∏–º–æ—Ä—å–µ. –ï–º—É –ø–æ–¥—Ä–æ–±–Ω–æ –ø–æ–∫–∞–∑–∞–ª–∏ –∏ —Ä–∞—Å—Å–∫–∞–∑–∞–ª–∏ –æ —Ä–æ—Å—Å–∏–π—Å–∫–æ–º –≥–∏–ø–µ—Ä–∑–≤—É–∫–æ–≤–æ–º —Ä–∞–∫–µ—Ç–Ω–æ–º –∫–æ–º–ø–ª–µ–∫—Å–µ ""–ö–∏–Ω–∂–∞–ª"".",1130470002
"–õ–∏–¥–µ—Ä –ö–ù–î–† –ö–∏–º –ß–µ–Ω –´–Ω –ø—Ä–∏–±—ã–ª –Ω–∞ –∞—ç—Ä–æ–¥—Ä–æ–º –ö–Ω–µ–≤–∏—á–∏

‚ñ´Ô∏è –ê–≤—Ç–æ–º–æ–±–∏–ª—å–Ω—ã–π –∫–æ—Ä—Ç–µ–∂ –ø—Ä–µ–¥—Å–µ–¥–∞—Ç–µ–ª—è –≥–æ—Å—É–¥–∞—Ä—Å—Ç–≤–µ–Ω–Ω–æ–≥–æ —Å–æ–≤–µ—Ç–∞ –ö–æ—Ä–µ–π—Å–∫–æ–π –ù–∞—Ä–æ–¥–Ω–æ–π –î–µ–º–æ–∫—Ä–∞—Ç–∏—á–µ—Å–∫–æ–π –†–µ—Å–ø—É–±–ª–∏–∫–∏ –ö–∏–º –ß–µ–Ω –´–Ω–∞ –ø—Ä–∏–±—ã–ª –Ω–∞ –∞—ç—Ä–æ–¥—Ä–æ–º –ö–Ω–µ–≤–∏—á–∏ –≥–æ—Ä–æ–¥–∞ –í–ª–∞–¥–∏–≤–æ—Å—Ç–æ–∫–∞. 

‚ñ´Ô∏è –ù–∞ –∞—ç—Ä–æ–¥—Ä–æ–º–µ —Å–µ–≤–µ—Ä–æ–∫–æ—Ä–µ–π—Å–∫–æ–≥–æ –ª–∏–¥–µ—Ä–∞ –≤—Å—Ç—Ä–µ—Ç–∏–ª –ú–∏–Ω–∏—Å—Ç—Ä –æ–±–æ—Ä–æ–Ω—ã –†–æ—Å—Å–∏–π—Å–∫–æ–π –§–µ–¥–µ—Ä–∞—Ü–∏–∏ –≥–µ–Ω–µ—Ä–∞–ª –∞—Ä–º–∏–∏ –°–µ—Ä–≥–µ–π –®–æ–π–≥—É. –ü—Ä–µ–¥—Å–µ–¥–∞—Ç–µ–ª—è –≥–æ—Å—É–¥–∞—Ä—Å—Ç–≤–µ–Ω–Ω–æ–≥–æ —Å–æ–≤–µ—Ç–∞ –ö–æ—Ä–µ–π—Å–∫–æ–π –ù–∞—Ä–æ–¥–Ω–æ–π –î–µ–º–æ–∫—Ä–∞—Ç–∏—á–µ—Å–∫–æ–π –†–µ—Å–ø—É–±–ª–∏–∫–∏ –ö–∏–º –ß–µ–Ω –´–Ω–∞ –ø—Ä–∏–≤–µ—Ç—Å—Ç–≤–æ–≤–∞–ª –ø–æ—á–µ—Ç–Ω—ã–π –∫–∞—Ä–∞—É–ª –ü—Ä–µ–æ–±—Ä–∞–∂–µ–Ω—Å–∫–æ–≥–æ –ø–æ–ª–∫–∞.

‚ñ´Ô∏è –î–ª—è –ø–æ–∫–∞–∑–∞ –ª–∏–¥–µ—Ä—É –ö–ù–î–† –Ω–∞ –∞—ç—Ä–æ–¥—Ä–æ–º–µ –ö–Ω–µ–≤–∏—á–∏ –≤—ã—Å—Ç–∞–≤–ª–µ–Ω—ã –æ–±—Ä–∞–∑—Ü—ã —Å–æ–≤—Ä–µ–º–µ–Ω–Ω–æ–π –∞–≤–∏–∞—Ü–∏–æ–Ω–Ω–æ–π —Ç–µ—Ö–Ω–∏–∫–∏ –í–æ–∑–¥—É—à–Ω–æ-–∫–æ—Å–º–∏—á–µ—Å–∫–∏—Ö —Å–∏–ª –†–æ—Å—Å–∏–∏.

üîπ –ú–∏–Ω–æ–±–æ—Ä–æ–Ω—ã –†–æ—Å—Å–∏–∏",1082968817
"–°–æ–≤—Ä–µ–º–µ–Ω–Ω—ã–µ –±–æ–µ–≤—ã–µ —Å–∞–º–æ–ª–µ—Ç—ã –í–ö–° –†–æ—Å—Å–∏–∏ –ø–æ–∫–∞–∑–∞–ª–∏ –ª–∏–¥–µ—Ä—É –ö–ù–î–† –Ω–∞ –∞—ç—Ä–æ–¥—Ä–æ–º–µ –ö–Ω–µ–≤–∏—á–∏ 

‚ñ´Ô∏è –í —Ö–æ–¥–µ –¥–µ–º–æ–Ω—Å—Ç—Ä–∞—Ü–∏–∏ —Å–æ–≤—Ä–µ–º–µ–Ω–Ω–æ–π —Ä–æ—Å—Å–∏–π—Å–∫–æ–π –∞–≤–∏–∞—Ü–∏–æ–Ω–Ω–æ–π —Ç–µ—Ö–Ω–∏–∫–∏ –Ω–∞ –∞—ç—Ä–æ–¥—Ä–æ–º–µ –ö–Ω–µ–≤–∏—á–∏ –ª–∏–¥–µ—Ä—É –ö–æ—Ä–µ–π—Å–∫–æ–π –ù–∞—Ä–æ–¥–Ω–æ–π –î–µ–º–æ–∫—Ä–∞—Ç–∏—á–µ—Å–∫–æ–π –†–µ—Å–ø—É–±–ª–∏–∫–∏ –ö–∏–º –ß–µ–Ω –´–Ω—É –∏ –ú–∏–Ω–∏—Å—Ç—Ä—É –æ–±–æ—Ä–æ–Ω—ã –†–æ—Å—Å–∏–∏ –≥–µ–Ω–µ—Ä–∞–ª—É –∞—Ä–º–∏–∏ –°–µ—Ä–≥–µ—é –®–æ–π–≥—É –±—ã–ª–∏ –ø—Ä–µ–¥—Å—Ç–∞–≤–ª–µ–Ω—ã —Å–æ–≤—Ä–µ–º–µ–Ω–Ω—ã–µ –æ–±—Ä–∞–∑—Ü—ã –æ–ø–µ—Ä–∞—Ç–∏–≤–Ω–æ-—Ç–∞–∫—Ç–∏—á–µ—Å–∫–æ–π –∞–≤–∏–∞—Ü–∏–∏ –í–ö–° –†–æ—Å—Å–∏–∏.

‚ñ´Ô∏è –û –±–æ–µ–≤—ã—Ö –≤–æ–∑–º–æ–∂–Ω–æ—Å—Ç—è—Ö —Å–≤–µ—Ä—Ö–∑–≤—É–∫–æ–≤–æ–≥–æ –∏—Å—Ç—Ä–µ–±–∏—Ç–µ–ª—è-–±–æ–º–±–∞—Ä–¥–∏—Ä–æ–≤—â–∏–∫–∞ –°—É-34, –∏—Å—Ç—Ä–µ–±–∏—Ç–µ–ª–µ–π –°—É-30–°–ú, –°—É-35–° –∏ —à—Ç—É—Ä–º–æ–≤–∏–∫–∞ –°—É-25–°–ú3 –¥–æ–ª–æ–∂–∏–ª–∏ –∫–æ–º–∞–Ω–¥–∏—Ä—ã —ç–∫–∏–ø–∞–∂–µ–π –±–æ–µ–≤—ã—Ö —Å–∞–º–æ–ª–µ—Ç–æ–≤.

‚ñ´Ô∏è –û—Å–æ–±–æ–µ –≤–Ω–∏–º–∞–Ω–∏–µ –±—ã–ª–æ —É–¥–µ–ª–µ–Ω–æ –∏—Ö –ª–µ—Ç–Ω–æ-—Ç–µ—Ö–Ω–∏—á–µ—Å–∫–∏–º —Ö–∞—Ä–∞–∫—Ç–µ—Ä–∏—Å—Ç–∏–∫–∞–º –∏ –≤–æ–∑–º–æ–∂–Ω–æ—Å—Ç—è–º –≤–æ–æ—Ä—É–∂–µ–Ω–∏—è.

üîπ –ú–∏–Ω–æ–±–æ—Ä–æ–Ω—ã –†–æ—Å—Å–∏–∏",1082968817
"–°–æ–≤—Ä–µ–º–µ–Ω–Ω—ã–µ –±–æ–µ–≤—ã–µ —Å–∞–º–æ–ª–µ—Ç—ã –í–ö–° –†–æ—Å—Å–∏–∏ –ø–æ–∫–∞–∑–∞–ª–∏ –ª–∏–¥–µ—Ä—É –ö–ù–î–† –Ω–∞ –∞—ç—Ä–æ–¥—Ä–æ–º–µ –ö–Ω–µ–≤–∏—á–∏ 

‚ñ´Ô∏è –í —Ö–æ–¥–µ –¥–µ–º–æ–Ω—Å—Ç—Ä–∞—Ü–∏–∏ —Å–æ–≤—Ä–µ–º–µ–Ω–Ω–æ–π —Ä–æ—Å—Å–∏–π—Å–∫–æ–π –∞–≤–∏–∞—Ü–∏–æ–Ω–Ω–æ–π —Ç–µ—Ö–Ω–∏–∫–∏ –Ω–∞ –∞—ç—Ä–æ–¥—Ä–æ–º–µ –ö–Ω–µ–≤–∏—á–∏ –ª–∏–¥–µ—Ä—É –ö–æ—Ä–µ–π—Å–∫–æ–π –ù–∞—Ä–æ–¥–Ω–æ–π –î–µ–º–æ–∫—Ä–∞—Ç–∏—á–µ—Å–∫–æ–π –†–µ—Å–ø—É–±–ª–∏–∫–∏ –ö–∏–º –ß–µ–Ω –´–Ω—É –∏ –ú–∏–Ω–∏—Å—Ç—Ä—É –æ–±–æ—Ä–æ–Ω—ã –†–æ—Å—Å–∏–∏ –≥–µ–Ω–µ—Ä–∞–ª—É –∞—Ä–º–∏–∏ –°–µ—Ä–≥–µ—é –®–æ–π–≥—É –±—ã–ª–∏ –ø—Ä–µ–¥—Å—Ç–∞–≤–ª–µ–Ω—ã —Å–æ–≤—Ä–µ–º–µ–Ω–Ω—ã–µ –æ–±—Ä–∞–∑—Ü—ã –æ–ø–µ—Ä–∞—Ç–∏–≤–Ω–æ-—Ç–∞–∫—Ç–∏—á–µ—Å–∫–æ–π –∞–≤–∏–∞—Ü–∏–∏ –í–ö–° –†–æ—Å—Å–∏–∏.

‚ñ´Ô∏è –û –±–æ–µ–≤—ã—Ö –≤–æ–∑–º–æ–∂–Ω–æ—Å—Ç—è—Ö —Å–≤–µ—Ä—Ö–∑–≤—É–∫–æ–≤–æ–≥–æ –∏—Å—Ç—Ä–µ–±–∏—Ç–µ–ª—è-–±–æ–º–±–∞—Ä–¥–∏—Ä–æ–≤—â–∏–∫–∞ –°—É-34, –∏—Å—Ç—Ä–µ–±–∏—Ç–µ–ª–µ–π –°—É-30–°–ú, –°—É-35–° –∏ —à—Ç—É—Ä–º–æ–≤–∏–∫–∞ –°—É-25–°–ú3 –¥–æ–ª–æ–∂–∏–ª–∏ –∫–æ–º–∞–Ω–¥–∏—Ä—ã —ç–∫–∏–ø–∞–∂–µ–π –±–æ–µ–≤—ã—Ö —Å–∞–º–æ–ª–µ—Ç–æ–≤.

‚ñ´Ô∏è –û—Å–æ–±–æ–µ –≤–Ω–∏–º–∞–Ω–∏–µ –±—ã–ª–æ —É–¥–µ–ª–µ–Ω–æ –∏—Ö –ª–µ—Ç–Ω–æ-—Ç–µ—Ö–Ω–∏—á–µ—Å–∫–∏–º —Ö–∞—Ä–∞–∫—Ç–µ—Ä–∏—Å—Ç–∏–∫–∞–º –∏ –≤–æ–∑–º–æ–∂–Ω–æ—Å—Ç—è–º –≤–æ–æ—Ä—É–∂–µ–Ω–∏—è.

üîπ –ú–∏–Ω–æ–±–æ—Ä–æ–Ω—ã –†–æ—Å—Å–∏–∏",1140194587
"–õ–∏–¥–µ—Ä –ö–ù–î–† –ö–∏–º –ß–µ–Ω –´–Ω –∏ –º–∏–Ω–∏—Å—Ç—Ä –æ–±–æ—Ä–æ–Ω—ã –†–§ –°–µ—Ä–≥–µ–π –®–æ–π–≥—É –≤ –º–µ–∂–¥—É–Ω–∞—Ä–æ–¥–Ω–æ–º –∞—ç—Ä–æ–ø–æ—Ä—Ç—É –ö–Ω–µ–≤–∏—á–∏.

–§–æ—Ç–æ: –í–∞–¥–∏–º –°–∞–≤–∏—Ü–∫–∏–π/–¢–ê–°–°",1140194587
"üá∞üáµ üá∑üá∫ –ö–∏–º –ß–µ–Ω –´–Ω –Ω–∞ –∞—ç—Ä–æ–¥—Ä–æ–º–µ –ö–Ω–µ–≤–∏—á–∏ –∑–Ω–∞–∫–æ–º–∏–ª—Å—è —Å –≤–æ–∑–º–æ–∂–Ω–æ—Å—Ç—è–º–∏ —Å–æ–≤—Ä–µ–º–µ–Ω–Ω—ã—Ö –±–æ–µ–≤—ã—Ö —Å–∞–º–æ–ª–µ—Ç–æ–≤ –í–ö–° –†–æ—Å—Å–∏–∏

–õ–∏–¥–µ—Ä—É –ö–ù–î–† —Ä–∞—Å—Å–∫–∞–∑–∞–ª–∏ –æ –±–æ–µ–≤—ã—Ö –≤–æ–∑–º–æ–∂–Ω–æ—Å—Ç—è—Ö —Å–≤–µ—Ä—Ö–∑–≤—É–∫–æ–≤–æ–≥–æ –∏—Å—Ç—Ä–µ–±–∏—Ç–µ–ª—è-–±–æ–º–±–∞—Ä–¥–∏—Ä–æ–≤—â–∏–∫–∞ –°—É-34, –∏—Å—Ç—Ä–µ–±–∏—Ç–µ–ª–µ–π –°—É-30–°–ú, –°—É-35–° –∏ —à—Ç—É—Ä–º–æ–≤–∏–∫–∞ –°—É-25–°–ú3.

–ú–∏–Ω–∏—Å—Ç—Ä –æ–±–æ—Ä–æ–Ω—ã –†–æ—Å—Å–∏–∏ –°–µ—Ä–≥–µ–π –®–æ–π–≥—É —Ç–∞–∫–∂–µ –ø—Ä–µ–¥—Å—Ç–∞–≤–∏–ª –ö–∏–º –ß–µ–Ω –´–Ω—É —Ä–æ—Å—Å–∏–π—Å–∫–∏–π —Ä–∞–∫–µ—Ç–æ–Ω–æ—Å–µ—Ü –ú–∏–ì-31–ò —Å –Ω–æ–≤–µ–π—à–∏–º –≤–æ–æ—Ä—É–∂–µ–Ω–∏–µ–º, - –≥–∏–ø–µ—Ä–∑–≤—É–∫–æ–≤—ã–º –∞–≤–∏–∞—Ü–∏–æ–Ω–Ω—ã–º —Ä–∞–∫–µ—Ç–Ω—ã–º –∫–æ–º–ø–ª–µ–∫—Å–æ–º ¬´–ö–∏–Ω–∂–∞–ª¬ª.",1453804949
"–ö–∏–º –ß–µ–Ω –´–Ω –æ–∑–Ω–∞–∫–æ–º–∏–ª—Å—è —Å –æ–±—Ä–∞–∑—Ü–∞–º–∏ –Ω–æ–≤–µ–π—à–µ–π –∞–≤–∏–∞—Ç–µ—Ö–Ω–∏–∫–∏ —Ä–æ—Å—Å–∏–π—Å–∫–∏—Ö –í–ö–°

–û–±—Ä–∞–∑—Ü—ã –Ω–æ–≤–µ–π—à–µ–π —Ä–æ—Å—Å–∏–π—Å–∫–æ–π –∞–≤–∏–∞—Ü–∏–æ–Ω–Ω–æ–π —Ç–µ—Ö–Ω–∏–∫–∏, –≤ —Ç–æ–º —á–∏—Å–ª–µ –Ω–æ–≤—ã–π –º–∞–≥–∏—Å—Ç—Ä–∞–ª—å–Ω—ã–π —Å–∞–º–æ–ª–µ—Ç –¢—É-214, –±—ã–ª–∏ –ø—Ä–æ–¥–µ–º–æ–Ω—Å—Ç—Ä–∏—Ä–æ–≤–∞–Ω—ã –ª–∏–¥–µ—Ä—É –ö–ù–î–† –Ω–∞ –∞—ç—Ä–æ–¥—Ä–æ–º–µ –ö–Ω–µ–≤–∏—á–∏ –≤–æ –í–ª–∞–¥–∏–≤–æ—Å—Ç–æ–∫–µ —É—Ç—Ä–æ–º16 —Å–µ–Ω—Ç—è–±—Ä—è. 

–í –ú–∏–Ω–æ–±–æ—Ä–æ–Ω—ã –†–§ —É—Ç–æ—á–Ω—è—é—Ç, —á—Ç–æ –ö–∏–º –ß–µ–Ω –´–Ω –±—ã–ª –≤ —Å–æ–ø—Ä–æ–≤–æ–∂–¥–µ–Ω–∏–∏ –º–∏–Ω–∏—Å—Ç—Ä–∞ –æ–±–æ—Ä–æ–Ω—ã –†–§ –°–µ—Ä–≥–µ—è –®–æ–π–≥—É. –û–Ω –æ—Å–º–æ—Ç—Ä–µ–ª —Å–≤–µ—Ä—Ö–∑–≤—É–∫–æ–≤–æ–π —Å—Ç—Ä–∞—Ç–µ–≥–∏—á–µ—Å–∫–∏–π –±–æ–º–±–∞—Ä–¥–∏—Ä–æ–≤—â–∏–∫-—Ä–∞–∫–µ—Ç–æ–Ω–æ—Å–µ—Ü –¢—É-160, —Ç—É—Ä–±–æ–≤–∏–Ω—Ç–æ–≤–æ–π —Å—Ç—Ä–∞—Ç–µ–≥–∏—á–µ—Å–∫–∏–π –±–æ–º–±–∞—Ä–¥–∏—Ä–æ–≤—â–∏–∫-—Ä–∞–∫–µ—Ç–æ–Ω–æ—Å–µ—Ü –¢—É-95–ú–° –∏ –¥–∞–ª—å–Ω–∏–π —Å–≤–µ—Ä—Ö–∑–≤—É–∫–æ–≤–æ–π —Ä–∞–∫–µ—Ç–æ–Ω–æ—Å–µ—Ü-–±–æ–º–±–∞—Ä–¥–∏—Ä–æ–≤—â–∏–∫ –¢—É-22–ú3.

 –§–æ—Ç–æ: –ú–∏–Ω–æ–±–æ—Ä–æ–Ω—ã –†–§

–ü–æ–¥–ø–∏—Å–∞—Ç—å—Å—è –Ω–∞ @truekpru",1111072403